Species,Total,Positive,Percentage,MSW05_Family,MSW05_Genus,8-1_AdultForearmLen_mm,12-1_HabitatBreadth,26-1_GR_Area_km2,26-2_GR_MaxLat_dd,26-3_GR_MinLat_dd,26-4_GR_MidRangeLat_dd,26-5_GR_MaxLong_dd,26-6_GR_MinLong_dd,26-7_GR_MidRangeLong_dd,27-1_HuPopDen_Min_n/km2,27-2_HuPopDen_Mean_n/km2,27-3_HuPopDen_5p_n/km2,27-4_HuPopDen_Change,28-1_Precip_Mean_mm,28-2_Temp_Mean_01degC,30-1_AET_Mean_mm,30-2_PET_Mean_mm,Diet-Inv,Diet-Vend,Diet-Vect,Diet-Vfish,Diet-Fruit,Diet-Nect,Diet-Seed,Diet-PlantO,Diet-Certainty,ForStrat-Value,ForStrat-Certainty,Activity-Nocturnal,Activity-Crepuscular,BodyMass-Value,BodyMass-SpecLevel
Anoura geoffroyi,101,4,0.0396039603960396,Phyllostomidae,Anoura,42.66,1.0,8631465.89,25.97,-25.46,0.25,-34.79,-108.83,-71.81,0.0,44.96,0.0,0.1,128.98,221.14,1191.28,1510.91,30.0,0.0,0.0,0.0,30.0,40.0,0.0,0.0,ABC,Ar,A,1.0,0.0,14.62,1.0
Artibeus fimbriatus,3,0,0.0,Phyllostomidae,Artibeus,48.915000000000006,1.0,1195211.14,-18.73,-28.22,-23.48,-41.76,-59.24,-50.5,0.0,75.59,1.0,0.07,125.63,208.92,1233.51,1315.75,10.0,0.0,0.0,0.0,80.0,10.0,0.0,0.0,ABC,Ar,A,1.0,0.0,63.9,1.0
Artibeus jamaicensis,462,8,0.017316017316017316,Phyllostomidae,Artibeus,60.34,1.0,14327574.52,26.12,-25.53,0.29,-34.79,-108.79,-71.79,0.0,33.02,0.0,0.11,147.19,237.53,1278.5,1531.97,10.0,0.0,0.0,0.0,80.0,10.0,0.0,0.0,ABC,Ar,A,1.0,0.0,42.17,1.0
Artibeus lituratus,304,9,0.02960526315789473,Phyllostomidae,Artibeus,70.33,1.0,14275189.62,22.11,-29.57,-3.73,-34.79,-98.34,-66.56,0.0,27.78,0.0,0.11,148.64,235.91,1281.41,1521.14,10.0,0.0,0.0,0.0,80.0,10.0,0.0,0.0,ABC,Ar,A,1.0,0.0,60.54,1.0
Artibeus obscurus,3,0,0.0,Phyllostomidae,Artibeus,48.915000000000006,1.0,11220757.02,8.79,-26.5,-8.85,-34.79,-78.17,-56.48,0.0,19.72,0.0,0.11,154.26,240.14,1302.96,1531.52,10.0,0.0,0.0,0.0,80.0,10.0,0.0,0.0,ABC,Ar,A,1.0,0.0,35.2,1.0
Artibeus phaeotis,43,3,0.06976744186046513,Phyllostomidae,Artibeus,38.55,1.0,1156701.32,24.53,-2.73,10.89,-75.6,-107.37,-91.49,1.0,51.66,3.0,0.13,162.28,228.79,1246.06,1593.77,10.0,0.0,0.0,0.0,80.0,10.0,0.0,0.0,ABC,Ar,A,1.0,0.0,11.59,1.0
Artibeus watsoni,21,0,0.0,Phyllostomidae,Artibeus,48.915000000000006,1.0,415964.09,19.12,7.2,13.16,-77.19,-95.55,-86.37,2.0,36.81,3.0,0.15,185.4,242.27,1374.71,1643.46,10.0,0.0,0.0,0.0,80.0,10.0,0.0,0.0,D1,Ar,A,1.0,0.0,11.2,1.0
Aselliscus stoliczkanus,73,0,0.0,Hipposideridae,Aselliscus,41.49,1.0,1399537.9,28.75,2.08,15.42,114.6,96.12,105.36,5.0,167.6,12.0,0.08,139.23,195.97,1102.58,1327.28,100.0,0.0,0.0,0.0,0.0,0.0,0.0,0.0,ABC,A,A,1.0,0.0,4.9,1.0
Balantiopteryx plicata,8,0,0.0,Emballonuridae,Balantiopteryx,42.23,1.0,841946.43,27.13,9.36,18.24,-71.82,-110.03,-90.93,3.0,88.19,8.0,0.09,106.96,216.78,1061.85,1571.82,100.0,0.0,0.0,0.0,0.0,0.0,0.0,0.0,ABC,A,A,1.0,0.0,6.39,1.0
Barbastella barbastellus,65,0,0.0,Vespertilionidae,Barbastella,38.49,1.0,3884782.92,60.57,27.99,44.28,49.43,-17.33,16.05,3.0,129.06,16.0,0.00949,57.71,84.24,498.71,630.2,100.0,0.0,0.0,0.0,0.0,0.0,0.0,0.0,ABC,A,A,1.0,0.0,8.03,1.0
Barbastella leucomelas,103,0,0.0,Vespertilionidae,Barbastella,41.49,1.0,3609915.54,45.52,15.46,30.49,145.82,33.91,89.86,0.0,143.24,1.0,0.08,84.55,82.03,630.25,997.18,100.0,0.0,0.0,0.0,0.0,0.0,0.0,0.0,ABC,A,A,1.0,0.0,15.05,1.0
Bauerus dubiaquercus,18,0,0.0,Vespertilionidae,Bauerus,53.29,1.0,295020.71,21.5,11.17,16.34,-83.15,-106.52,-94.83,2.0,31.58,3.0,0.18,171.52,241.32,1396.07,1619.64,80.0,0.0,20.0,0.0,0.0,0.0,0.0,0.0,ABC,A,A,1.0,0.0,22.22,1.0
Cardioderma cor,13,1,0.07692307692307693,Megadermatidae,Cardioderma,54.0,1.0,2892359.62,18.0,-10.53,3.73,51.41,31.39,41.4,0.0,39.85,2.0,0.11,55.07,232.39,704.56,1613.35,100.0,0.0,0.0,0.0,0.0,0.0,0.0,0.0,ABC,G,A,1.0,0.0,27.84,1.0
Carollia brevicauda,107,6,0.05607476635514018,Phyllostomidae,Carollia,40.26,1.0,11615943.22,23.25,-23.05,0.09,-34.79,-100.12,-67.45,0.0,25.68,0.0,0.12,155.22,240.49,1310.39,1560.88,0.0,0.0,0.0,0.0,100.0,0.0,0.0,0.0,ABC,Ar,A,1.0,0.0,14.4,1.0
Carollia castanea,45,0,0.0,Phyllostomidae,Carollia,36.2,1.0,4881458.89,16.02,-18.71,-1.34,-51.64,-88.14,-69.89,0.0,24.23,0.0,0.12,171.15,236.15,1395.44,1587.12,0.0,0.0,0.0,0.0,100.0,0.0,0.0,0.0,ABC,Ar,A,1.0,0.0,13.27,1.0
Carollia perspicillata,546,27,0.04945054945054945,Phyllostomidae,Carollia,42.45,1.0,14098730.57,21.62,-29.91,-4.14,-34.79,-98.21,-66.5,0.0,26.25,0.0,0.11,149.5,236.85,1288.14,1519.79,0.0,0.0,0.0,0.0,100.0,0.0,0.0,0.0,ABC,Ar,A,1.0,0.0,18.0,1.0
Carollia sowelli,72,7,0.09722222222222222,Phyllostomidae,Carollia,39.834999999999994,1.0,4881458.89,18.12,-18.71,0.09,-51.64,-94.01,-69.89,0.0,26.25,0.0,0.11,149.5,236.15,1395.44,1560.88,0.0,0.0,0.0,0.0,100.0,0.0,0.0,0.0,D1,Ar,A,1.0,0.0,16.5,1.0
Centurio senex,4,0,0.0,Phyllostomidae,Centurio,44.0,1.0,2107462.67,26.26,5.05,15.65,-60.78,-108.71,-84.74,0.0,58.61,3.0,0.12,126.65,232.97,1224.39,1627.36,0.0,0.0,0.0,0.0,100.0,0.0,0.0,0.0,ABC,Ar,A,1.0,0.0,21.22,1.0
Chaerephon plicatus,32,4,0.125,Molossidae,Chaerephon,46.39,1.0,4893584.82,31.02,-8.96,11.03,126.6,71.16,98.88,1.0,244.83,9.0,0.1,155.19,250.06,1101.45,1563.04,100.0,0.0,0.0,0.0,0.0,0.0,0.0,0.0,ABC,A,A,1.0,0.0,21.83,1.0
Chaerephon pumilus,15,2,0.13333333333333333,Molossidae,Chaerephon,38.99,1.0,14309050.1,17.23,-34.83,-8.8,50.26,-17.53,16.36,0.0,36.24,1.0,0.14,96.01,238.79,958.76,1545.68,100.0,0.0,0.0,0.0,0.0,0.0,0.0,0.0,ABC,A,A,1.0,0.0,10.98,1.0
Chalinolobus gouldii,66,2,0.030303030303030307,Vespertilionidae,Chalinolobus,43.87,1.0,7346335.67,-11.11,-43.64,-27.37,168.09,113.14,140.61,0.0,3.44,0.0,0.03,36.09,208.38,434.79,1334.78,100.0,0.0,0.0,0.0,0.0,0.0,0.0,0.0,ABC,A,A,1.0,0.0,14.47,1.0
Chalinolobus morio,59,4,0.06779661016949153,Vespertilionidae,Chalinolobus,37.0,1.0,2259579.36,-19.7,-43.64,-31.67,153.63,114.14,133.89,0.0,9.06,0.0,0.04,40.72,172.07,455.18,1179.23,100.0,0.0,0.0,0.0,0.0,0.0,0.0,0.0,ABC,A,A,1.0,0.0,8.77,1.0
Choeroniscus godmani,6,0,0.0,Phyllostomidae,Choeroniscus,34.0,1.0,2763301.06,25.05,0.91,12.98,-51.64,-108.21,-79.92,0.0,42.76,0.0,0.11,148.03,238.66,1362.84,1661.72,30.0,0.0,0.0,0.0,40.0,30.0,0.0,0.0,ABC,Ar,A,1.0,0.0,7.9,1.0
Chrotopterus auritus,3,0,0.0,Phyllostomidae,Chrotopterus,82.56,1.0,9155053.99,21.62,-31.49,-4.93,-38.87,-96.54,-67.71,0.0,26.42,0.0,0.12,145.4,233.69,1299.96,1511.66,30.0,0.0,20.0,20.0,30.0,0.0,0.0,0.0,ABC,S,B,1.0,0.0,77.86,1.0
Coelops frithii,8,0,0.0,Hipposideridae,Coelops,41.0,1.0,4074334.86,31.29,-8.84,11.22,120.82,87.2,104.01,1.0,232.38,12.0,0.08,155.98,201.43,1147.81,1359.69,100.0,0.0,0.0,0.0,0.0,0.0,0.0,0.0,ABC,S,B,1.0,0.0,7.52,1.0
Coleura afra,211,0,0.0,Emballonuridae,Coleura,48.0,1.0,5013413.14,21.09,-17.54,1.77,51.41,-13.83,18.78,0.0,40.72,1.0,0.1,77.86,239.85,881.64,1614.0,100.0,0.0,0.0,0.0,0.0,0.0,0.0,0.0,ABC,A,A,1.0,0.0,10.67,1.0
Corynorhinus mexicanus,1,0,0.0,Vespertilionidae,Corynorhinus,43.2,1.0,559891.05,31.07,18.14,24.6,-86.73,-109.76,-98.25,1.0,79.25,2.0,0.11,62.53,183.65,820.96,1367.87,100.0,0.0,0.0,0.0,0.0,0.0,0.0,0.0,ABC,S,A,1.0,0.0,9.71,0.0
Cynomops abrasus,11,3,0.2727272727272727,Molossidae,Cynomops,43.5,1.0,10368632.82,9.58,-29.9,-10.15,-34.79,-79.05,-56.92,0.0,10.2,0.0,0.12,151.62,243.36,1293.46,1511.7,100.0,0.0,0.0,0.0,0.0,0.0,0.0,0.0,ABC,A,A,1.0,0.0,35.39,1.0
Cynomops planirostris,5,3,0.6,Molossidae,Cynomops,31.5,1.0,11408256.94,12.46,-29.32,-8.43,-34.79,-80.93,-57.86,0.0,15.9,0.0,0.11,149.25,243.33,1296.32,1538.29,100.0,0.0,0.0,0.0,0.0,0.0,0.0,0.0,ABC,A,A,1.0,0.0,12.84,1.0
Cynopterus brachyotis,259,41,0.1583011583011583,Pteropodidae,Cynopterus,64.21,1.0,2220429.06,27.65,-4.18,11.73,126.6,74.37,100.48,0.0,190.51,4.0,0.12,195.98,244.45,1328.22,1611.42,0.0,0.0,0.0,0.0,100.0,0.0,0.0,0.0,ABC,Ar,A,1.0,0.0,31.15,1.0
Cynopterus sphinx,363,18,0.049586776859504134,Pteropodidae,Cynopterus,71.0,1.0,5648557.98,33.2,-5.94,13.63,119.33,67.57,93.45,1.0,242.36,10.0,0.09,138.22,233.8,1018.32,1479.68,0.0,0.0,0.0,0.0,100.0,0.0,0.0,0.0,ABC,Ar,A,1.0,0.0,43.66,1.0
Desmodus rotundus,148,1,0.006756756756756757,Phyllostomidae,Desmodus,58.29,1.0,17803912.83,28.12,-34.94,-3.4,-34.79,-110.9,-72.84,0.0,28.84,0.0,0.1,130.09,216.33,1157.17,1460.68,0.0,100.0,0.0,0.0,0.0,0.0,0.0,0.0,ABC,G,A,1.0,0.0,31.21,1.0
Eidolon helvum,681,45,0.06607929515418502,Pteropodidae,Eidolon,120.5,1.0,18942406.16,18.49,-34.83,-8.17,51.41,-17.53,16.93,0.0,34.3,1.0,0.13,84.6,233.78,864.91,1524.57,0.0,0.0,0.0,0.0,100.0,0.0,0.0,0.0,ABC,Ar,A,1.0,1.0,253.31,1.0
Emballonura alecto,8,2,0.25,Emballonuridae,Emballonura,45.99,1.0,1034172.29,18.65,-8.03,5.3,131.74,107.96,119.85,1.0,100.0,4.0,0.13,239.99,241.82,1651.05,1736.94,90.0,0.0,0.0,0.0,10.0,0.0,0.0,0.0,ABC,A,A,0.0,1.0,5.25,1.0
Enchisthenes hartii,3,0,0.0,Phyllostomidae,Enchisthenes,39.82,1.0,3507398.71,24.03,-17.72,3.15,-60.62,-105.67,-83.15,0.0,45.36,1.0,0.12,140.17,219.71,1258.37,1569.93,10.0,0.0,0.0,0.0,80.0,10.0,0.0,0.0,ABC,Ar,A,1.0,0.0,16.99,1.0
Eonycteris spelaea,275,14,0.05090909090909091,Pteropodidae,Eonycteris,69.0,1.0,3882233.27,30.46,-10.37,10.04,128.9,74.22,101.56,1.0,163.15,5.0,0.1,184.62,225.74,1270.52,1539.33,0.0,0.0,0.0,0.0,0.0,100.0,0.0,0.0,ABC,Ar,A,1.0,0.0,58.1,1.0
Epomophorus gambianus,88,5,0.05681818181818181,Pteropodidae,Epomophorus,85.27,1.0,3524240.83,15.64,3.95,9.79,39.47,-17.53,10.97,1.0,67.96,4.0,0.12,106.13,257.58,954.23,1569.57,0.0,0.0,0.0,0.0,100.0,0.0,0.0,0.0,ABC,Ar,A,1.0,0.0,128.87,1.0
Epomophorus wahlbergi,14,0,0.0,Pteropodidae,Epomophorus,80.66,1.0,5397486.84,5.24,-34.21,-14.48,48.19,8.49,28.34,0.0,37.08,2.0,0.14,89.53,223.99,922.58,1483.6,0.0,0.0,0.0,0.0,100.0,0.0,0.0,0.0,ABC,Ar,A,1.0,0.0,91.58,1.0
Epomops buettikoferi,3,0,0.0,Pteropodidae,Epomops,90.16,1.0,479614.16,10.59,4.35,7.47,9.69,-13.29,-1.79,3.0,85.82,10.0,0.08,164.99,256.77,1242.61,1569.6,0.0,0.0,0.0,0.0,100.0,0.0,0.0,0.0,ABC,Ar,A,1.0,0.0,133.84,1.0
Eptesicus bottae,35,0,0.0,Vespertilionidae,Eptesicus,42.95,1.0,1701007.28,47.07,13.78,30.42,80.42,28.36,54.39,0.0,81.35,1.0,0.12,23.53,112.75,291.75,1027.92,100.0,0.0,0.0,0.0,0.0,0.0,0.0,0.0,ABC,A,A,1.0,0.0,14.23,1.0
Eptesicus furinalis,5,0,0.0,Vespertilionidae,Eptesicus,39.15,1.0,15960672.0,23.59,-36.24,-6.32,-34.79,-105.67,-70.23,0.0,27.82,0.0,0.11,139.02,226.93,1220.0,1481.64,100.0,0.0,0.0,0.0,0.0,0.0,0.0,0.0,ABC,A,A,1.0,0.0,7.74,1.0
Eptesicus fuscus,651,66,0.10138248847926268,Vespertilionidae,Eptesicus,46.69,1.0,13321726.93,60.21,2.09,31.15,-59.42,-126.58,-93.0,0.0,43.16,0.0,0.06,63.98,115.12,649.12,941.91,100.0,0.0,0.0,0.0,0.0,0.0,0.0,0.0,ABC,A,A,1.0,0.0,16.46,1.0
Eptesicus hottentotus,2,0,0.0,Vespertilionidae,Eptesicus,49.5,1.0,1719187.67,1.38,-34.83,-16.72,37.25,14.54,25.89,0.0,37.58,0.0,0.13,57.42,189.49,712.23,1328.54,100.0,0.0,0.0,0.0,0.0,0.0,0.0,0.0,ABC,A,A,1.0,0.0,30.0,1.0
Eptesicus nilssonii,37,2,0.054054054054054064,Vespertilionidae,Eptesicus,40.24,1.0,10151783.96,69.97,37.59,53.78,155.92,4.94,80.43,0.0,33.38,0.0,0.000792,40.55,2.73,366.6,422.84,100.0,0.0,0.0,0.0,0.0,0.0,0.0,0.0,ABC,A,A,1.0,0.0,10.72,1.0
Eptesicus serotinus,72,3,0.041666666666666664,Vespertilionidae,Eptesicus,50.3,1.0,8742253.51,57.74,18.14,37.94,122.0,-9.49,56.25,0.0,150.61,1.0,0.04,59.65,99.39,557.37,844.59,100.0,0.0,0.0,0.0,0.0,0.0,0.0,0.0,ABC,A,A,1.0,0.0,22.86,1.0
Eumops glaucinus,38,1,0.02631578947368421,Molossidae,Eumops,59.73,1.0,11841060.24,26.61,-26.32,0.14,-39.68,-105.56,-72.62,0.0,30.41,0.0,0.12,147.97,232.45,1286.03,1517.73,100.0,0.0,0.0,0.0,0.0,0.0,0.0,0.0,ABC,A,A,1.0,0.0,35.38,1.0
Eumops maurus,1,0,0.0,Molossidae,Eumops,52.0,1.0,269127.99,7.83,1.45,4.64,-53.98,-59.55,-56.76,0.0,4.58,0.0,0.04,140.51,258.08,1518.3,1713.3,100.0,0.0,0.0,0.0,0.0,0.0,0.0,0.0,ABC,A,A,1.0,0.0,29.38,2.0
Eumops perotis,1,0,0.0,Molossidae,Eumops,75.49,1.0,16118784.11,37.7,-29.71,3.99,-34.79,-122.41,-78.6,0.0,26.8,0.0,0.11,128.55,218.18,1143.32,1461.18,100.0,0.0,0.0,0.0,0.0,0.0,0.0,0.0,ABC,A,A,1.0,0.0,51.13,1.0
Falsistrellus mackenziei,7,0,0.0,Vespertilionidae,Falsistrellus,41.0,1.0,40804.15,-31.37,-35.06,-33.21,117.0,114.97,115.98,0.0,30.34,0.0,0.11,64.03,153.5,462.51,1179.61,100.0,0.0,0.0,0.0,0.0,0.0,0.0,0.0,D1,A,A,1.0,0.0,23.0,1.0
Glauconycteris beatrix,1,0,0.0,Vespertilionidae,Glauconycteris,37.0,1.0,438945.12,8.88,-2.21,3.33,12.84,-7.07,2.88,1.0,57.15,1.0,0.12,139.41,258.5,1297.94,1577.02,100.0,0.0,0.0,0.0,0.0,0.0,0.0,0.0,ABC,A,A,1.0,0.0,7.5,1.0
Glauconycteris variegata,1,0,0.0,Vespertilionidae,Glauconycteris,43.54,1.0,9810939.42,14.33,-30.74,-8.2,41.4,-16.94,12.23,0.0,36.23,1.0,0.14,106.66,236.76,1037.93,1531.22,100.0,0.0,0.0,0.0,0.0,0.0,0.0,0.0,ABC,A,A,1.0,0.0,11.25,1.0
Glossophaga commissarisi,6,0,0.0,Phyllostomidae,Glossophaga,34.37,1.0,4974223.1,25.76,-15.32,5.21,-59.74,-108.54,-84.14,0.0,30.43,0.0,0.11,173.54,234.75,1377.37,1583.32,40.0,0.0,0.0,0.0,30.0,30.0,0.0,0.0,ABC,Ar,B,1.0,0.0,8.9,1.0
Glossophaga soricina,167,3,0.017964071856287425,Phyllostomidae,Glossophaga,35.7,1.0,15465868.32,29.56,-34.78,-2.61,-34.79,-110.73,-72.76,0.0,31.15,0.0,0.11,141.96,230.99,1244.18,1508.29,40.0,0.0,0.0,0.0,30.0,30.0,0.0,0.0,ABC,Ar,B,1.0,0.0,9.43,1.0
Haplonycteris fischeri,6,0,0.0,Pteropodidae,Haplonycteris,50.56,1.0,242390.28,18.65,5.55,12.1,126.6,117.17,121.88,19.0,214.7,29.0,0.11,202.1,241.6,1470.69,1729.38,0.0,0.0,0.0,0.0,100.0,0.0,0.0,0.0,ABC,Ar,A,1.0,0.0,17.96,1.0
Hipposideros abae,862,19,0.022041763341067284,Hipposideridae,Hipposideros,60.5,1.0,3812422.28,9.93,-2.87,3.53,32.12,-13.16,9.48,0.0,41.35,1.0,0.1,141.01,248.93,1287.07,1586.32,100.0,0.0,0.0,0.0,0.0,0.0,0.0,0.0,ABC,A,A,1.0,0.0,9.31,2.0
Hipposideros armiger,1856,5,0.0026939655172413795,Hipposideridae,Hipposideros,89.49,1.0,4465866.75,33.01,1.26,17.13,122.13,77.88,100.01,1.0,209.75,9.0,0.08,143.35,185.89,1069.98,1300.83,100.0,0.0,0.0,0.0,0.0,0.0,0.0,0.0,ABC,A,A,1.0,0.0,53.0,1.0
Hipposideros caffer,6,0,0.0,Hipposideridae,Hipposideros,46.5,1.0,13549718.44,35.92,-32.97,1.47,52.22,-17.53,17.34,0.0,39.87,1.0,0.14,88.43,234.64,906.32,1532.23,100.0,0.0,0.0,0.0,0.0,0.0,0.0,0.0,ABC,A,A,1.0,0.0,9.45,1.0
Hipposideros cineraceus,67,1,0.01492537313432836,Hipposideridae,Hipposideros,34.92,1.0,1962284.84,32.47,-7.01,12.73,122.0,70.81,96.41,1.0,166.79,9.0,0.09,167.22,228.29,1146.79,1481.11,100.0,0.0,0.0,0.0,0.0,0.0,0.0,0.0,ABC,A,A,1.0,0.0,4.72,1.0
Hipposideros commersoni,10,1,0.1,Hipposideridae,Hipposideros,95.99,1.0,17699930.41,17.49,-26.57,-4.54,50.48,-16.82,16.82,0.0,31.51,1.0,0.13,91.07,241.05,913.23,1553.76,100.0,0.0,0.0,0.0,0.0,0.0,0.0,0.0,ABC,A,A,1.0,0.0,99.09,1.0
Hipposideros diadema,4,1,0.25,Hipposideridae,Hipposideros,88.69,1.0,3232983.89,18.65,-18.9,-0.12,161.39,93.45,127.42,0.0,119.34,2.0,0.12,221.44,243.75,1532.13,1714.7,100.0,0.0,0.0,0.0,0.0,0.0,0.0,0.0,ABC,A,A,1.0,0.0,43.76,1.0
Hipposideros fuliginosus,1,0,0.0,Hipposideridae,Hipposideros,59.99,1.0,1904203.28,9.81,0.15,4.98,38.97,-12.34,13.31,1.0,54.28,2.0,0.11,135.82,245.43,1297.66,1561.36,100.0,0.0,0.0,0.0,0.0,0.0,0.0,0.0,ABC,A,A,1.0,0.0,9.31,2.0
Hipposideros gigas,40,0,0.0,Hipposideridae,Hipposideros,47.695,1.0,12658088.24,16.86,-23.11,-3.12,44.57,-17.53,13.51,0.0,38.79,1.0,0.13,96.31,237.17,945.17,1541.91,100.0,0.0,0.0,0.0,0.0,0.0,0.0,0.0,D1,A,A,1.0,0.0,115.42,1.0
Hipposideros jonesi,36,0,0.0,Hipposideridae,Hipposideros,49.5,1.0,837179.2,11.17,5.61,8.39,4.86,-12.84,-3.98,3.0,53.15,7.0,0.11,129.51,263.47,1141.6,1571.73,100.0,0.0,0.0,0.0,0.0,0.0,0.0,0.0,ABC,A,A,1.0,0.0,5.5,1.0
Hipposideros larvatus,181,1,0.0055248618784530384,Hipposideridae,Hipposideros,59.99,1.0,3785609.68,27.47,-10.37,8.55,127.3,87.94,107.62,1.0,177.89,9.0,0.09,176.61,229.17,1257.98,1511.2,100.0,0.0,0.0,0.0,0.0,0.0,0.0,0.0,ABC,A,A,1.0,0.0,19.85,1.0
Hipposideros lekaguli,159,10,0.06289308176100629,Hipposideridae,Hipposideros,75.49,1.0,200167.27,18.65,5.06,11.85,124.19,98.5,111.34,7.0,223.72,18.0,0.08,218.84,247.95,1392.02,1766.37,100.0,0.0,0.0,0.0,0.0,0.0,0.0,0.0,ABC,A,A,1.0,0.0,31.1,1.0
Hipposideros pomona,951,5,0.005257623554153523,Hipposideridae,Hipposideros,40.5,1.0,3983753.98,28.82,4.16,16.49,121.79,75.45,98.62,1.0,207.07,9.0,0.08,141.93,213.41,1046.44,1402.51,100.0,0.0,0.0,0.0,0.0,0.0,0.0,0.0,ABC,A,A,1.0,0.0,6.2,1.0
Hipposideros pratti,194,12,0.061855670103092786,Hipposideridae,Hipposideros,84.99,1.0,2681527.23,33.99,2.27,18.13,122.13,96.43,109.28,5.0,264.97,16.0,0.06,115.17,160.52,1026.42,1143.62,100.0,0.0,0.0,0.0,0.0,0.0,0.0,0.0,ABC,A,A,1.0,0.0,31.8,2.0
Hipposideros ruber,5399,64,0.011854047045749213,Hipposideridae,Hipposideros,49.55,1.0,6919468.79,12.93,-11.62,0.65,42.42,-15.51,13.45,0.0,47.2,1.0,0.13,122.62,233.6,1174.67,1540.64,100.0,0.0,0.0,0.0,0.0,0.0,0.0,0.0,ABC,A,A,1.0,0.0,10.11,1.0
Hypsignathus monstrosus,6,0,0.0,Pteropodidae,Hypsignathus,127.5,1.0,6029962.02,13.93,-11.35,1.28,36.29,-16.82,9.73,0.0,42.63,1.0,0.12,134.45,246.55,1210.09,1561.38,0.0,10.0,0.0,0.0,90.0,0.0,0.0,0.0,ABC,Ar,A,1.0,0.0,335.08,1.0
Hypsugo pulveratus,3,0,0.0,Vespertilionidae,Hypsugo,34.0,1.0,1451043.87,34.88,17.11,25.99,118.89,99.68,109.28,2.0,234.57,5.0,0.06,108.22,129.27,924.72,1026.84,100.0,0.0,0.0,0.0,0.0,0.0,0.0,0.0,ABC,A,A,1.0,0.0,5.53,1.0
Hypsugo savii,46,3,0.06521739130434782,Vespertilionidae,Hypsugo,34.5,1.0,4646012.88,52.74,22.9,37.82,145.82,-5.78,70.01,0.0,91.16,1.0,0.06,57.72,86.44,475.46,888.9,100.0,0.0,0.0,0.0,0.0,0.0,0.0,0.0,ABC,A,A,1.0,0.0,6.3,1.0
Ia io,168,0,0.0,Vespertilionidae,Ia,75.49,1.0,1379038.44,30.92,18.45,24.68,113.83,83.67,98.75,4.0,159.16,12.0,0.08,127.08,177.14,1012.15,1225.46,100.0,0.0,0.0,0.0,0.0,0.0,0.0,0.0,ABC,A,A,1.0,0.0,49.2,1.0
Lampronycteris brachyotis,2,0,0.0,Phyllostomidae,Lampronycteris,39.61,1.0,4953546.05,17.72,-9.19,4.26,-46.41,-95.29,-70.85,0.0,23.08,0.0,0.12,167.21,247.8,1438.75,1645.14,80.0,0.0,0.0,0.0,20.0,0.0,0.0,0.0,ABC,S,B,1.0,0.0,10.39,1.0
Lasionycteris noctivagans,2,0,0.0,Vespertilionidae,Lasionycteris,41.26,1.0,10115944.09,62.97,23.46,43.21,-60.96,-148.48,-104.72,0.0,28.14,0.0,0.05,58.16,77.97,539.66,766.07,100.0,0.0,0.0,0.0,0.0,0.0,0.0,0.0,ABC,A,A,1.0,0.0,10.46,1.0
Lasiurus cinereus,7,0,0.0,Vespertilionidae,Lasiurus,54.4,1.0,21759652.98,66.38,-41.16,12.6,-41.89,-159.79,-100.84,0.0,30.48,0.0,0.07,75.42,115.7,724.23,957.03,100.0,0.0,0.0,0.0,0.0,0.0,0.0,0.0,ABC,A,A,1.0,0.0,25.28,1.0
Lasiurus intermedius,1,0,0.0,Vespertilionidae,Lasiurus,55.08,1.0,1863284.42,40.89,13.14,27.01,-73.97,-106.92,-90.45,0.0,66.85,4.0,0.09,106.12,214.29,1081.07,1413.94,100.0,0.0,0.0,0.0,0.0,0.0,0.0,0.0,ABC,A,A,1.0,0.0,23.03,1.0
Leptonycteris nivalis,2,0,0.0,Phyllostomidae,Leptonycteris,56.78,1.0,999207.02,30.41,13.9,22.15,-90.32,-105.7,-98.01,0.0,73.37,1.0,0.07,71.17,197.54,810.09,1375.83,20.0,0.0,0.0,0.0,40.0,40.0,0.0,0.0,ABC,Ar,A,1.0,0.0,25.64,1.0
Leptonycteris yerbabuenae,1,0,0.0,Phyllostomidae,Leptonycteris,53.37,1.0,1217816.36,33.61,13.48,23.54,-89.47,-113.95,-101.71,0.0,61.3,1.0,0.09,65.06,196.17,806.61,1406.01,20.0,0.0,0.0,0.0,40.0,40.0,0.0,0.0,D1,Ar,A,1.0,0.0,22.24,1.0
Lissonycteris angolensis,72,3,0.041666666666666664,Pteropodidae,Lissonycteris,73.08,1.0,4001672.86,12.96,-21.07,-4.05,40.37,-15.6,12.38,0.0,55.87,2.0,0.13,124.24,240.3,1120.33,1546.07,0.0,0.0,0.0,0.0,60.0,40.0,0.0,0.0,ABC,Ar,A,1.0,0.0,68.31,1.0
Lonchophylla robusta,1,0,0.0,Phyllostomidae,Lonchophylla,42.5,1.0,1033227.44,12.46,-4.02,4.21,-68.34,-84.81,-76.57,0.0,60.42,3.0,0.11,163.18,231.54,1380.04,1587.27,40.0,0.0,0.0,0.0,30.0,30.0,0.0,0.0,ABC,Ar,A,1.0,0.0,13.0,1.0
Lonchorhina aurita,2,1,0.5,Phyllostomidae,Lonchorhina,51.05,1.0,11889121.65,20.04,-25.46,-2.7,-34.79,-96.71,-65.75,0.0,27.52,0.0,0.12,156.02,242.68,1310.6,1552.9,100.0,0.0,0.0,0.0,0.0,0.0,0.0,0.0,ABC,S,B,1.0,0.0,15.7,1.0
Lophostoma brasiliense,2,0,0.0,Phyllostomidae,Lophostoma,36.5,2.0,8518317.74,19.31,-19.19,0.05,-34.79,-94.7,-64.74,0.0,20.88,0.0,0.12,162.48,242.69,1359.92,1586.93,90.0,0.0,0.0,0.0,10.0,0.0,0.0,0.0,ABC,S,B,1.0,0.0,9.76,1.0
Lophostoma silvicolum,27,0,0.0,Phyllostomidae,Lophostoma,54.5,2.0,13507762.32,15.43,-26.74,-5.65,-34.79,-86.3,-60.54,0.0,24.04,0.0,0.11,148.53,236.1,1276.66,1519.56,90.0,0.0,0.0,0.0,10.0,0.0,0.0,0.0,ABC,S,B,1.0,0.0,32.29,1.0
Macroglossus minimus,5,1,0.2,Pteropodidae,Macroglossus,40.23,1.0,3030953.37,18.65,-21.21,-1.28,162.39,95.18,128.79,0.0,106.01,0.0,0.12,194.34,248.02,1397.33,1726.13,0.0,0.0,0.0,0.0,20.0,80.0,0.0,0.0,ABC,Ar,A,1.0,0.0,16.37,1.0
Macroglossus sobrinus,2,0,0.0,Pteropodidae,Macroglossus,46.96,1.0,1987018.44,28.19,-8.96,9.61,116.73,88.0,102.36,2.0,179.06,8.0,0.09,180.67,236.56,1279.09,1582.09,0.0,0.0,0.0,0.0,20.0,80.0,0.0,0.0,ABC,Ar,A,1.0,0.0,22.13,1.0
Megaderma lyra,3,1,0.3333333333333333,Megadermatidae,Megaderma,69.5,1.0,6486789.9,34.77,1.26,18.01,119.66,67.29,93.48,0.0,260.94,7.0,0.08,112.7,205.2,872.75,1351.18,40.0,30.0,20.0,10.0,0.0,0.0,0.0,0.0,ABC,G,B,1.0,0.0,45.54,1.0
Megaerops kusnotoi,41,1,0.024390243902439025,Pteropodidae,Megaerops,51.32,1.0,4065.54,-6.5,-8.31,-7.41,114.24,106.15,110.19,270.0,579.15,270.0,0.05,239.38,230.67,1636.0,1922.0,0.0,0.0,0.0,0.0,80.0,20.0,0.0,0.0,D2,Ar,A,1.0,0.0,35.94,2.0
Megaerops niphanae,130,1,0.007692307692307694,Pteropodidae,Megaerops,57.17,1.0,171269.5,27.98,12.16,20.07,109.16,88.38,98.77,4.0,115.69,9.0,0.08,137.76,226.22,1157.82,1582.6,0.0,0.0,0.0,0.0,80.0,20.0,0.0,0.0,D2,Ar,A,1.0,0.0,32.6,1.0
Mesophylla macconnelli,1,0,0.0,Phyllostomidae,Mesophylla,31.62,1.0,8790472.74,12.59,-19.21,-3.31,-46.06,-84.05,-65.06,0.0,14.9,0.0,0.14,169.03,243.05,1386.57,1572.94,10.0,0.0,0.0,0.0,90.0,0.0,0.0,0.0,ABC,Ar,A,1.0,0.0,6.92,1.0
Micronycteris hirsuta,3,0,0.0,Phyllostomidae,Micronycteris,43.3,1.0,4915005.84,14.24,-12.97,0.63,-55.21,-87.68,-71.45,0.0,17.16,0.0,0.11,173.72,251.33,1460.05,1618.03,80.0,0.0,0.0,0.0,20.0,0.0,0.0,0.0,D1,S,B,1.0,0.0,12.01,1.0
Micronycteris minuta,2,0,0.0,Phyllostomidae,Micronycteris,34.0,1.0,12260456.67,14.37,-29.39,-7.5,-34.79,-86.27,-60.53,0.0,24.91,0.0,0.11,154.41,237.7,1303.31,1539.04,80.0,0.0,0.0,0.0,20.0,0.0,0.0,0.0,D1,S,B,1.0,0.0,6.5,1.0
Micronycteris schmidtorum,5,0,0.0,Phyllostomidae,Micronycteris,35.49,1.0,6440621.09,15.94,-25.48,-4.76,-34.79,-89.36,-62.08,0.0,33.65,0.0,0.1,161.29,245.72,1359.49,1589.64,80.0,0.0,0.0,0.0,20.0,0.0,0.0,0.0,D1,S,B,1.0,0.0,7.53,1.0
Micropteropus pusillus,6,0,0.0,Pteropodidae,Micropteropus,51.98,1.0,7997702.34,13.97,-12.82,0.57,38.73,-16.82,10.95,0.0,40.52,1.0,0.12,124.59,245.19,1153.38,1557.21,0.0,0.0,0.0,0.0,90.0,10.0,0.0,0.0,ABC,Ar,A,1.0,0.0,26.57,1.0
Mimon crenulatum,11,0,0.0,Phyllostomidae,Mimon,48.84,1.0,10073417.99,19.67,-14.93,2.36,-34.79,-90.07,-62.43,0.0,19.59,0.0,0.12,163.06,244.41,1336.32,1574.05,50.0,0.0,0.0,0.0,50.0,0.0,0.0,0.0,ABC,S,B,1.0,0.0,13.75,1.0
Miniopterus inflatus,12,7,0.5833333333333334,Vespertilionidae,Miniopterus,48.09,1.0,2563885.05,9.38,-20.75,-5.68,39.26,9.37,24.32,0.0,48.07,3.0,0.15,84.1,218.37,943.84,1492.35,100.0,0.0,0.0,0.0,0.0,0.0,0.0,0.0,ABC,A,A,1.0,0.0,14.2,1.0
Miniopterus magnater,217,16,0.07373271889400923,Vespertilionidae,Miniopterus,49.99,1.0,781666.55,24.8,-10.37,7.21,147.86,95.77,121.82,1.0,104.32,2.0,0.08,196.74,230.09,1364.06,1621.73,100.0,0.0,0.0,0.0,0.0,0.0,0.0,0.0,ABC,A,A,1.0,0.0,14.07,1.0
Miniopterus pusillus,586,28,0.04778156996587031,Vespertilionidae,Miniopterus,41.99,1.0,147746.63,28.19,-10.37,8.91,130.87,74.83,102.85,5.0,297.74,17.0,0.08,154.37,233.56,1247.21,1605.38,100.0,0.0,0.0,0.0,0.0,0.0,0.0,0.0,ABC,A,A,1.0,0.0,8.61,1.0
Miniopterus schreibersii,2240,159,0.07098214285714285,Vespertilionidae,Miniopterus,45.99,1.0,49430485.11,50.89,-39.13,5.87,162.39,-17.53,72.43,0.0,94.58,0.0,0.1,74.56,198.74,679.41,1335.68,100.0,0.0,0.0,0.0,0.0,0.0,0.0,0.0,ABC,A,A,1.0,0.0,11.46,1.0
Molossus currentium,10,1,0.1,Molossidae,Molossus,41.0,1.0,1346846.01,12.46,-4.95,3.75,-60.78,-84.18,-72.48,0.0,61.82,1.0,0.12,140.76,238.26,1338.73,1618.9,100.0,0.0,0.0,0.0,0.0,0.0,0.0,0.0,ABC,A,A,1.0,0.0,17.79,1.0
Molossus molossus,265,30,0.11320754716981132,Molossidae,Molossus,38.22,1.0,16538107.62,28.68,-39.01,-5.16,-34.79,-108.56,-71.68,0.0,32.82,0.0,0.1,137.03,226.13,1211.68,1469.82,100.0,0.0,0.0,0.0,0.0,0.0,0.0,0.0,ABC,A,A,1.0,0.0,13.58,1.0
Mops condylurus,13,0,0.0,Molossidae,Mops,47.22,1.0,16249258.42,18.08,-29.64,-5.77,51.41,-17.53,16.93,0.0,34.91,1.0,0.13,92.42,243.6,922.06,1564.21,100.0,0.0,0.0,0.0,0.0,0.0,0.0,0.0,ABC,A,A,1.0,0.0,28.37,1.0
Mops midas,2,1,0.5,Molossidae,Mops,61.5,1.0,5759773.7,18.72,-25.6,-3.44,50.48,-17.53,16.47,0.0,43.7,1.0,0.11,88.42,253.53,878.83,1602.18,100.0,0.0,0.0,0.0,0.0,0.0,0.0,0.0,ABC,A,A,1.0,0.0,45.22,1.0
Mormoops megalophylla,17,0,0.0,Mormoopidae,Mormoops,54.99,1.0,3624939.01,33.12,-7.08,13.01,-59.96,-115.91,-87.94,0.0,51.06,1.0,0.12,85.54,211.38,946.69,1440.48,100.0,0.0,0.0,0.0,0.0,0.0,0.0,0.0,ABC,A,A,1.0,0.0,15.81,1.0
Murina leucogaster,193,6,0.031088082901554407,Vespertilionidae,Murina,41.99,1.0,644305.67,34.59,14.33,24.46,120.1,84.67,102.38,3.0,249.08,7.0,0.06,121.31,122.73,909.96,1043.44,100.0,0.0,0.0,0.0,0.0,0.0,0.0,0.0,ABC,A,A,1.0,0.0,7.55,1.0
Murina puta,19,0,0.0,Vespertilionidae,Murina,35.49,1.0,36065.98,25.29,21.9,23.6,122.0,120.04,121.02,70.0,676.6,73.0,0.03,160.5,165.8,980.75,1250.9850000000001,100.0,0.0,0.0,0.0,0.0,0.0,0.0,0.0,ABC,A,A,1.0,0.0,6.73,2.0
Myotis adversus,9,0,0.0,Vespertilionidae,Myotis,39.81,1.0,418891.81,25.29,-15.6,4.84,167.21,100.03,133.62,3.0,387.9,4.0,0.11,219.39,239.98,1623.62,1768.83,100.0,0.0,0.0,0.0,0.0,0.0,0.0,0.0,ABC,G,B,1.0,0.0,10.55,1.0
Myotis albescens,2,0,0.0,Vespertilionidae,Myotis,35.99,1.0,14769379.45,18.66,-37.84,-9.59,-34.79,-94.81,-64.8,0.0,25.67,0.0,0.11,145.37,232.23,1260.9,1493.18,100.0,0.0,0.0,0.0,0.0,0.0,0.0,0.0,ABC,A,A,1.0,0.0,5.3,1.0
Myotis alcathoe,5,0,0.0,Vespertilionidae,Myotis,38.155,1.0,737413.1,28.57,17.36,23.68,50.48,4.1,31.91,1.0,74.39,4.0,0.08,94.68,155.23,836.19,1161.6399999999999,100.0,0.0,0.0,0.0,0.0,0.0,0.0,0.0,D1,A,A,1.0,0.0,7.74,0.0
Myotis altarium,78,0,0.0,Vespertilionidae,Myotis,45.0,1.0,1128465.11,31.88,18.98,25.43,118.41,99.19,108.8,9.0,260.25,46.0,0.06,111.91,155.23,994.01,1071.24,100.0,0.0,0.0,0.0,0.0,0.0,0.0,0.0,ABC,A,A,1.0,0.0,11.0,1.0
Myotis bechsteinii,65,1,0.015384615384615384,Vespertilionidae,Myotis,41.99,1.0,2326533.53,53.88,36.65,45.26,44.73,-9.29,17.72,3.0,139.49,18.0,0.01,61.16,85.35,515.69,603.2,100.0,0.0,0.0,0.0,0.0,0.0,0.0,0.0,ABC,S,A,1.0,0.0,9.47,1.0
Myotis blythii,239,27,0.11297071129707112,Vespertilionidae,Myotis,58.49,1.0,3247785.97,53.33,23.76,38.55,120.21,31.51,75.86,0.0,112.68,2.0,0.1,39.35,116.67,416.49,1003.83,100.0,0.0,0.0,0.0,0.0,0.0,0.0,0.0,ABC,A,A,1.0,0.0,22.47,1.0
Myotis brandtii,35,2,0.057142857142857134,Vespertilionidae,Myotis,34.99,1.0,10341787.32,66.02,36.01,51.02,143.94,-9.49,67.22,0.0,74.22,1.0,0.01,45.44,42.96,412.53,528.0,100.0,0.0,0.0,0.0,0.0,0.0,0.0,0.0,ABC,A,B,1.0,0.0,5.3,1.0
Myotis capaccinii,70,7,0.1,Vespertilionidae,Myotis,40.0,1.0,1758634.4,47.44,27.03,37.23,62.29,-6.26,28.01,0.0,114.17,7.0,0.05,47.13,125.18,431.11,972.93,100.0,0.0,0.0,0.0,0.0,0.0,0.0,0.0,ABC,A,A,1.0,0.0,7.44,1.0
Myotis chinensis,167,0,0.0,Vespertilionidae,Myotis,65.0,1.0,1209407.95,28.57,17.35,22.96,119.95,97.61,108.78,1.0,241.48,46.0,0.06,118.99,156.31,1046.22,1163.47,100.0,0.0,0.0,0.0,0.0,0.0,0.0,0.0,ABC,A,A,1.0,0.0,42.0,1.0
Myotis ciliolabrum,1,0,0.0,Vespertilionidae,Myotis,38.155,1.0,737413.1,28.57,17.36,23.68,50.48,4.1,31.91,1.0,74.39,4.0,0.08,94.68,155.23,836.19,1161.6399999999999,100.0,0.0,0.0,0.0,0.0,0.0,0.0,0.0,D1,A,A,1.0,0.0,4.89,1.0
Myotis dasycneme,172,38,0.22093023255813954,Vespertilionidae,Myotis,45.5,1.0,6606862.4,65.1,44.57,54.84,125.67,4.1,64.89,0.0,56.05,1.0,0.00518,43.12,28.93,387.58,427.69,100.0,0.0,0.0,0.0,0.0,0.0,0.0,0.0,ABC,A,A,1.0,0.0,14.13,1.0
Myotis daubentonii,859,46,0.053550640279394636,Vespertilionidae,Myotis,36.59,1.0,14824937.25,63.01,26.73,44.87,145.82,-10.47,67.67,0.0,71.14,0.0,0.00965,46.1,21.71,426.22,515.06,100.0,0.0,0.0,0.0,0.0,0.0,0.0,0.0,ABC,A,A,1.0,0.0,7.63,1.0
Myotis davidii,116,16,0.13793103448275862,Vespertilionidae,Myotis,38.155,1.0,737413.1,28.57,17.36,23.68,50.48,4.1,31.91,1.0,74.39,4.0,0.08,94.68,155.23,836.19,1161.6399999999999,100.0,0.0,0.0,0.0,0.0,0.0,0.0,0.0,D1,A,A,1.0,0.0,7.74,0.0
Myotis emarginatus,328,14,0.042682926829268296,Vespertilionidae,Myotis,40.0,1.0,3765086.81,53.39,23.21,38.3,73.14,-9.32,31.91,0.0,118.77,6.0,0.04,48.03,97.72,440.36,748.8,100.0,0.0,0.0,0.0,0.0,0.0,0.0,0.0,ABC,S,A,1.0,0.0,7.66,1.0
Myotis evotis,56,1,0.017857142857142856,Vespertilionidae,Myotis,36.72,1.0,3119769.09,54.76,25.49,40.12,-102.53,-127.89,-115.21,0.0,21.49,0.0,0.08,36.24,60.78,363.99,788.12,100.0,0.0,0.0,0.0,0.0,0.0,0.0,0.0,ABC,S,A,1.0,0.0,6.7,1.0
Myotis fimbriatus,26,6,0.2307692307692308,Vespertilionidae,Myotis,38.155,1.0,100728.99,26.8,22.25,24.53,118.38,113.73,116.06,83.0,366.57,109.0,0.07,114.1,172.79,1135.7,1187.92,100.0,0.0,0.0,0.0,0.0,0.0,0.0,0.0,D1,A,A,1.0,0.0,7.74,0.0
Myotis formosus,66,3,0.045454545454545456,Vespertilionidae,Myotis,48.99,1.0,3602303.43,54.34,-8.84,22.74,133.24,62.64,97.94,1.0,285.66,9.0,0.08,131.68,165.44,966.21,1190.37,100.0,0.0,0.0,0.0,0.0,0.0,0.0,0.0,ABC,A,A,1.0,0.0,7.0,1.0
Myotis horsfieldii,61,2,0.032786885245901634,Vespertilionidae,Myotis,38.31,1.0,1457245.69,26.68,-8.96,8.85,125.15,72.82,98.99,1.0,206.87,4.0,0.13,193.27,245.85,1301.58,1633.73,100.0,0.0,0.0,0.0,0.0,0.0,0.0,0.0,ABC,A,A,1.0,0.0,6.26,1.0
Myotis ikonnikovi,68,0,0.0,Vespertilionidae,Myotis,33.5,1.0,1685813.38,57.22,33.42,45.32,145.82,79.15,112.48,0.0,82.24,1.0,0.03,44.95,5.44,375.42,587.49,100.0,0.0,0.0,0.0,0.0,0.0,0.0,0.0,ABC,A,A,1.0,0.0,5.62,2.0
Myotis keaysi,2,0,0.0,Vespertilionidae,Myotis,36.5,1.0,3235410.02,23.81,-28.28,-2.23,-59.78,-100.01,-79.9,0.0,42.94,1.0,0.12,131.91,214.67,1226.6,1534.95,100.0,0.0,0.0,0.0,0.0,0.0,0.0,0.0,ABC,A,A,1.0,0.0,5.3,1.0
Myotis laniger,11,0,0.0,Vespertilionidae,Myotis,38.155,1.0,920362.79,31.21,18.16,24.69,117.95,91.45,104.7,1.0,177.28,2.0,0.08,148.27,154.9,1078.23,1239.13,100.0,0.0,0.0,0.0,0.0,0.0,0.0,0.0,D1,A,A,1.0,0.0,7.74,0.0
Myotis longipes,17,0,0.0,Vespertilionidae,Myotis,35.99,1.0,402070.4,35.34,25.02,30.18,90.63,68.5,79.56,0.0,219.35,1.0,0.11,94.68,100.93,766.43,1141.24,100.0,0.0,0.0,0.0,0.0,0.0,0.0,0.0,ABC,A,A,1.0,0.0,7.25,2.0
Myotis lucifugus,205,54,0.2634146341463415,Vespertilionidae,Myotis,37.76,1.0,737413.1,28.57,17.36,23.68,50.48,4.1,31.91,1.0,74.39,4.0,0.08,94.68,155.23,836.19,1161.6399999999999,100.0,0.0,0.0,0.0,0.0,0.0,0.0,0.0,ABC,A,A,1.0,0.0,7.65,1.0
Myotis muricola,4,0,0.0,Vespertilionidae,Myotis,34.69,1.0,6272844.55,36.45,-10.32,13.06,128.34,69.25,98.8,0.0,186.32,4.0,0.1,162.57,195.77,1152.57,1414.46,100.0,0.0,0.0,0.0,0.0,0.0,0.0,0.0,ABC,A,A,1.0,0.0,4.09,1.0
Myotis myotis,462,32,0.06926406926406926,Vespertilionidae,Myotis,63.9,1.0,3731149.73,58.87,36.01,47.44,34.16,-9.49,12.33,3.0,135.16,15.0,0.00512,58.21,91.02,504.81,658.57,100.0,0.0,0.0,0.0,0.0,0.0,0.0,0.0,ABC,S,A,1.0,0.0,24.79,1.0
Myotis mystacinus,38,1,0.02631578947368421,Vespertilionidae,Myotis,38.155,1.0,737413.1,28.57,17.36,23.68,50.48,4.1,31.91,1.0,74.39,4.0,0.08,94.68,155.23,836.19,1161.6399999999999,100.0,0.0,0.0,0.0,0.0,0.0,0.0,0.0,ABC,A,B,1.0,0.0,4.99,1.0
Myotis nattereri,123,19,0.15447154471544716,Vespertilionidae,Myotis,39.35,1.0,4811054.08,61.85,30.25,46.05,68.43,-10.47,28.97,0.0,124.35,10.0,0.01,53.52,83.23,461.22,637.45,100.0,0.0,0.0,0.0,0.0,0.0,0.0,0.0,ABC,S,A,1.0,0.0,7.14,1.0
Myotis nigricans,17,1,0.05882352941176471,Vespertilionidae,Myotis,38.155,1.0,14531338.92,24.12,-29.99,-2.93,-34.79,-100.44,-67.62,0.0,26.44,0.0,0.11,145.55,234.83,1263.31,1511.65,100.0,0.0,0.0,0.0,0.0,0.0,0.0,0.0,ABC,A,A,1.0,0.0,4.24,1.0
Myotis occultus,17,5,0.29411764705882354,Vespertilionidae,Myotis,38.155,1.0,737413.1,28.57,17.36,23.68,50.48,4.1,31.91,1.0,74.39,4.0,0.08,94.68,155.23,836.19,1161.6399999999999,100.0,0.0,0.0,0.0,0.0,0.0,0.0,0.0,D1,A,A,1.0,0.0,8.79,1.0
Myotis oxygnathus,24,2,0.08333333333333333,Vespertilionidae,Myotis,38.155,1.0,2492979.74,50.8,33.35,42.08,70.58,-7.68,31.45,0.0,112.2,11.0,0.03,52.89,94.78,482.76,795.65,100.0,0.0,0.0,0.0,0.0,0.0,0.0,0.0,D1,A,A,1.0,0.0,21.23,1.0
Myotis pequinius,42,0,0.0,Vespertilionidae,Myotis,48.99,1.0,273300.51,41.45,30.94,36.2,122.7,114.55,118.62,44.0,530.05,101.0,0.04,54.68,114.57,692.59,873.25,100.0,0.0,0.0,0.0,0.0,0.0,0.0,0.0,ABC,A,A,1.0,0.0,9.52,2.0
Myotis punicus,3,0,0.0,Vespertilionidae,Myotis,38.155,1.0,503619.95,37.34,31.46,34.4,14.57,-8.85,2.86,3.0,141.27,5.0,0.1,34.26,154.18,394.64,1163.17,100.0,0.0,0.0,0.0,0.0,0.0,0.0,0.0,D1,A,A,1.0,0.0,7.74,0.0
Myotis ricketti,1004,37,0.036852589641434265,Vespertilionidae,Myotis,56.49,1.0,796233.64,37.81,21.66,29.74,121.66,98.79,110.23,45.0,374.84,100.5,0.06,106.94,150.94,1000.2,1099.26,100.0,0.0,0.0,0.0,0.0,0.0,0.0,0.0,ABC,A,A,1.0,0.0,7.74,0.0
Myotis riparius,1,1,1.0,Vespertilionidae,Myotis,34.99,1.0,14273179.55,15.88,-34.94,-9.52,-34.79,-86.84,-60.81,0.0,24.54,0.0,0.11,146.96,233.61,1267.62,1501.42,100.0,0.0,0.0,0.0,0.0,0.0,0.0,0.0,ABC,A,A,1.0,0.0,5.55,1.0
Myotis siligorensis,44,1,0.022727272727272728,Vespertilionidae,Myotis,32.99,1.0,1554491.46,32.93,2.66,17.79,119.26,76.47,97.87,0.0,233.71,4.0,0.1,149.61,182.97,1097.96,1350.39,100.0,0.0,0.0,0.0,0.0,0.0,0.0,0.0,ABC,A,A,1.0,0.0,2.7,1.0
Myotis velifer,7,3,0.42857142857142855,Vespertilionidae,Myotis,41.99,1.0,1714121.75,40.31,13.9,27.11,-87.15,-113.7,-100.43,0.0,43.73,0.0,0.09,56.05,180.04,720.39,1255.64,100.0,0.0,0.0,0.0,0.0,0.0,0.0,0.0,ABC,A,A,1.0,0.0,10.1,1.0
Myotis volans,154,12,0.07792207792207792,Vespertilionidae,Myotis,37.5,1.0,4717135.24,60.8,19.12,39.96,-97.41,-137.95,-117.68,0.0,25.7,0.0,0.1,40.33,81.83,405.07,857.0,100.0,0.0,0.0,0.0,0.0,0.0,0.0,0.0,ABC,A,A,1.0,0.0,8.46,1.0
Nanonycteris veldkampii,1,1,1.0,Pteropodidae,Nanonycteris,48.0,1.0,1388474.86,10.81,3.52,7.16,19.11,-12.49,3.3,3.0,87.79,8.0,0.11,140.81,259.24,1164.08,1580.71,0.0,0.0,0.0,0.0,0.0,100.0,0.0,0.0,ABC,Ar,A,1.0,0.0,21.89,1.0
Natalus stramineus,5,0,0.0,Natalidae,Natalus,38.86,1.0,3998095.4,30.42,-22.96,3.72,-34.79,-112.03,-73.41,0.0,48.8,1.0,0.1,120.63,230.73,1097.42,1522.72,100.0,0.0,0.0,0.0,0.0,0.0,0.0,0.0,ABC,A,A,1.0,0.0,5.48,1.0
Neoromicia capensis,20,2,0.1,Vespertilionidae,Neoromicia,31.54,1.0,15781762.19,16.33,-34.83,-9.25,44.07,-16.88,13.59,0.0,33.75,1.0,0.13,92.96,230.89,929.27,1505.99,100.0,0.0,0.0,0.0,0.0,0.0,0.0,0.0,ABC,A,A,1.0,0.0,5.96,1.0
Neoromicia helios,2,0,0.0,Vespertilionidae,Neoromicia,31.25,1.0,2275484.15,15.75,-5.31,5.21,47.19,31.54,39.36,0.0,48.19,2.0,0.11,64.83,229.52,829.37,1580.53,100.0,0.0,0.0,0.0,0.0,0.0,0.0,0.0,D1,A,A,1.0,0.0,3.56,1.0
Neoromicia nanus,18,1,0.05555555555555555,Vespertilionidae,Neoromicia,29.0,1.0,14429424.31,15.75,-33.4,-8.82,50.48,-16.79,16.84,0.0,36.78,1.0,0.14,102.98,235.81,1011.47,1542.12,100.0,0.0,0.0,0.0,0.0,0.0,0.0,0.0,ABC,A,A,1.0,0.0,3.88,1.0
Neoromicia tenuipinnis,4,0,0.0,Vespertilionidae,Neoromicia,30.96,1.0,6710058.7,12.81,-10.98,0.91,41.15,-16.79,12.18,0.0,44.28,1.0,0.13,127.51,239.59,1194.73,1553.55,100.0,0.0,0.0,0.0,0.0,0.0,0.0,0.0,ABC,A,A,1.0,0.0,5.35,1.0
Neoromicia zuluensis,2,1,0.5,Vespertilionidae,Neoromicia,31.25,1.0,1155340.39,-17.97,-27.64,-22.81,32.54,13.67,23.1,0.0,15.0,0.0,0.1,40.85,201.2,565.18,1395.42,100.0,0.0,0.0,0.0,0.0,0.0,0.0,0.0,D1,A,A,1.0,0.0,4.14,1.0
Noctilio albiventris,2,0,0.0,Noctilionidae,Noctilio,59.96,1.0,13030875.29,16.72,-30.96,-7.11,-34.79,-93.33,-64.06,0.0,25.32,0.0,0.11,152.62,240.09,1304.55,1532.32,80.0,0.0,0.0,20.0,0.0,0.0,0.0,0.0,ABC,G,B,1.0,0.0,30.85,1.0
Nyctalus aviator,6,0,0.0,Vespertilionidae,Nyctalus,60.5,1.0,550221.66,46.04,30.92,38.48,145.82,112.24,129.03,42.0,341.1,73.0,0.02,105.2,95.73,770.9,816.42,100.0,0.0,0.0,0.0,0.0,0.0,0.0,0.0,ABC,A,A,1.0,0.0,21.85,2.0
Nyctalus lasiopterus,174,5,0.02873563218390805,Vespertilionidae,Nyctalus,64.07,1.0,1629085.6,58.1,35.74,46.92,58.42,-6.54,25.93,0.0,86.76,2.0,0.00262,49.28,74.61,456.64,649.43,100.0,0.0,0.0,0.0,0.0,0.0,0.0,0.0,ABC,A,A,1.0,0.0,49.73,1.0
Nyctalus leisleri,61,4,0.06557377049180327,Vespertilionidae,Nyctalus,43.24,1.0,3415842.22,55.87,28.93,42.4,80.11,-7.73,36.18,1.0,106.89,9.0,0.01,52.82,76.47,498.35,622.6,100.0,0.0,0.0,0.0,0.0,0.0,0.0,0.0,ABC,A,A,1.0,0.0,13.28,1.0
Nyctalus noctula,101,6,0.0594059405940594,Vespertilionidae,Nyctalus,51.58,1.0,8204371.69,60.35,17.97,39.16,106.02,-9.26,48.38,0.0,106.73,3.0,0.02,58.22,79.12,506.65,704.65,100.0,0.0,0.0,0.0,0.0,0.0,0.0,0.0,ABC,A,A,1.0,0.0,28.0,1.0
Nyctalus plancyi,32,4,0.125,Vespertilionidae,Nyctalus,51.58,1.0,448501.74,35.79,21.9,28.85,122.13,114.38,118.25,70.0,485.79,106.0,0.05,105.67,149.43,999.36,1052.19,100.0,0.0,0.0,0.0,0.0,0.0,0.0,0.0,D1,A,A,1.0,0.0,26.44,0.0
Nycteris gambiensis,276,46,0.16666666666666666,Nycteridae,Nycteris,39.5,1.0,558271.78,13.89,4.73,9.31,0.88,-16.82,-7.96,3.0,61.4,7.0,0.13,127.26,269.94,997.98,1585.38,80.0,10.0,10.0,0.0,0.0,0.0,0.0,0.0,ABC,A,B,1.0,0.0,6.95,1.0
Nycteris hispida,1,0,0.0,Nycteridae,Nycteris,38.99,1.0,14056670.99,15.84,-28.63,-6.39,51.41,-17.53,16.93,0.0,37.4,1.0,0.13,98.96,241.03,975.18,1564.52,80.0,10.0,10.0,0.0,0.0,0.0,0.0,0.0,ABC,A,B,1.0,0.0,8.63,1.0
Nycteris thebaica,3,0,0.0,Nycteridae,Nycteris,45.25,1.0,16847056.25,37.34,-34.77,1.28,52.05,-17.53,17.25,0.0,41.56,1.0,0.13,68.05,226.22,729.41,1481.97,80.0,10.0,10.0,0.0,0.0,0.0,0.0,0.0,ABC,A,B,1.0,0.0,9.81,1.0
Nycticeinops schlieffeni,7,0,0.0,Vespertilionidae,Nycticeinops,30.99,1.0,13760621.45,31.6,-27.56,2.02,47.61,-17.53,15.03,0.0,34.56,1.0,0.13,69.66,240.47,763.13,1546.42,100.0,0.0,0.0,0.0,0.0,0.0,0.0,0.0,ABC,A,A,1.0,0.0,5.05,1.0
Nyctinomops laticaudatus,5,1,0.2,Molossidae,Nyctinomops,43.24,1.0,13392624.04,23.43,-30.11,-3.34,-34.79,-100.57,-67.68,0.0,30.56,0.0,0.11,142.68,235.66,1260.44,1522.7,100.0,0.0,0.0,0.0,0.0,0.0,0.0,0.0,ABC,A,A,1.0,0.0,12.22,1.0
Nyctinomops macrotis,10,0,0.0,Molossidae,Nyctinomops,60.99,1.0,18149920.2,39.35,-34.98,2.18,-34.79,-117.28,-76.03,0.0,30.69,0.0,0.11,127.1,222.69,1148.78,1452.7,100.0,0.0,0.0,0.0,0.0,0.0,0.0,0.0,ABC,A,A,1.0,0.0,18.4,1.0
Nyctophilus geoffroyi,26,0,0.0,Vespertilionidae,Nyctophilus,38.99,1.0,7277323.77,-11.11,-43.64,-27.37,153.63,113.14,133.39,0.0,3.33,0.0,0.03,35.11,208.44,424.9,1328.02,100.0,0.0,0.0,0.0,0.0,0.0,0.0,0.0,ABC,A,B,1.0,0.0,7.28,1.0
Nyctophilus gouldi,67,7,0.1044776119402985,Vespertilionidae,Nyctophilus,39.73,1.0,880409.98,-23.44,-43.64,-33.54,153.63,114.97,134.3,0.0,20.03,0.0,0.04,61.49,150.9,638.6,1087.83,100.0,0.0,0.0,0.0,0.0,0.0,0.0,0.0,ABC,A,B,1.0,0.0,10.0,1.0
Nyctophilus timoriensis,5,2,0.4,Vespertilionidae,Nyctophilus,43.4,1.0,2083863.67,-7.12,-43.03,-25.07,152.05,114.9,133.47,0.0,4.89,0.0,0.02,39.42,176.42,445.01,1138.22,100.0,0.0,0.0,0.0,0.0,0.0,0.0,0.0,ABC,A,B,1.0,0.0,11.73,1.0
Otomops martiensseni,169,24,0.14201183431952666,Molossidae,Otomops,65.31,1.0,6798311.47,5.19,-32.66,-13.73,42.17,13.88,28.03,0.0,33.97,2.0,0.15,95.23,226.35,1019.57,1508.4,100.0,0.0,0.0,0.0,0.0,0.0,0.0,0.0,ABC,A,A,1.0,0.0,34.3,1.0
Penthetor lucasi,79,0,0.0,Pteropodidae,Penthetor,60.5,1.0,647764.08,7.03,-4.16,1.43,119.26,100.16,109.71,1.0,58.45,3.0,0.17,250.99,249.68,1681.76,1731.16,0.0,0.0,0.0,0.0,100.0,0.0,0.0,0.0,ABC,Ar,A,1.0,0.0,38.17,1.0
Peropteryx kappleri,5,0,0.0,Emballonuridae,Peropteryx,49.5,1.0,4378235.63,18.45,-23.38,-2.46,-38.16,-95.19,-66.67,0.0,41.8,0.0,0.12,145.66,230.93,1320.94,1554.36,100.0,0.0,0.0,0.0,0.0,0.0,0.0,0.0,ABC,A,A,1.0,0.0,9.42,1.0
Phylloderma stenops,5,0,0.0,Phyllostomidae,Phylloderma,71.9,1.0,10120814.01,17.56,-29.07,-5.75,-34.79,-94.02,-64.4,0.0,28.29,0.0,0.12,163.13,241.38,1349.01,1566.0,10.0,0.0,0.0,0.0,20.0,10.0,60.0,0.0,ABC,Ar,A,1.0,0.0,53.68,1.0
Phyllostomus discolor,12,2,0.16666666666666666,Phyllostomidae,Phyllostomus,62.5,1.0,12188897.67,19.64,-23.02,-1.69,-34.79,-97.09,-65.94,0.0,22.61,0.0,0.12,154.15,242.55,1302.43,1549.16,30.0,0.0,0.0,0.0,40.0,30.0,0.0,0.0,ABC,S,B,1.0,0.0,34.13,1.0
Phyllostomus elongatus,4,0,0.0,Phyllostomidae,Phyllostomus,66.0,1.0,10958600.41,12.59,-23.84,-5.62,-34.79,-81.72,-58.25,0.0,23.16,0.0,0.12,155.48,241.35,1309.45,1545.97,70.0,0.0,10.0,0.0,10.0,10.0,0.0,0.0,ABC,S,B,1.0,0.0,40.43,1.0
Phyllostomus hastatus,16,0,0.0,Phyllostomidae,Phyllostomus,83.27,1.0,12690238.32,16.02,-24.14,-4.05,-34.79,-88.57,-61.68,0.0,24.58,0.0,0.11,151.77,238.87,1289.95,1538.68,40.0,0.0,50.0,0.0,10.0,0.0,0.0,0.0,ABC,S,B,1.0,0.0,87.21,1.0
Pipistrellus abramus,486,107,0.22016460905349794,Vespertilionidae,Pipistrellus,33.91,1.0,2948954.07,44.37,15.45,29.91,142.07,102.33,122.2,2.0,354.96,33.0,0.05,102.44,141.83,926.69,1022.92,100.0,0.0,0.0,0.0,0.0,0.0,0.0,0.0,D1,A,A,1.0,0.0,5.87,1.0
Pipistrellus coromandra,29,2,0.06896551724137931,Vespertilionidae,Pipistrellus,30.5,1.0,3731668.19,36.95,5.91,21.43,98.8,67.71,83.26,1.0,313.72,12.0,0.09,109.51,222.53,821.17,1391.61,100.0,0.0,0.0,0.0,0.0,0.0,0.0,0.0,ABC,A,A,1.0,0.0,4.6,1.0
Pipistrellus deserti,1,0,0.0,Vespertilionidae,Pipistrellus,30.99,1.0,4904406.9,22.28,2.95,12.62,38.09,-1.5,18.29,0.0,20.72,0.0,0.09,50.4,261.23,577.92,1576.88,100.0,0.0,0.0,0.0,0.0,0.0,0.0,0.0,ABC,A,A,1.0,0.0,6.2,2.0
Pipistrellus hesperidus,1,1,1.0,Vespertilionidae,Pipistrellus,32.0,1.0,7996671.91,37.34,-32.3,2.52,44.22,-15.83,14.19,0.0,46.68,0.0,0.14,49.3,218.27,587.74,1418.48,100.0,0.0,0.0,0.0,0.0,0.0,0.0,0.0,D1,A,A,1.0,0.0,5.28,0.0
Pipistrellus javanicus,3,0,0.0,Vespertilionidae,Pipistrellus,32.72,1.0,4504060.92,35.82,-10.37,12.72,127.3,68.31,97.81,1.0,222.66,6.0,0.1,147.9,214.91,1053.77,1451.96,100.0,0.0,0.0,0.0,0.0,0.0,0.0,0.0,ABC,A,A,1.0,0.0,5.29,1.0
Pipistrellus kuhlii,494,138,0.2793522267206478,Vespertilionidae,Pipistrellus,34.69,1.0,4765557.66,47.99,12.59,30.29,73.78,-9.49,32.14,0.0,92.46,3.0,0.08,37.09,146.68,354.8,1080.06,100.0,0.0,0.0,0.0,0.0,0.0,0.0,0.0,ABC,A,A,1.0,0.0,5.93,1.0
Pipistrellus nanulus,1,0,0.0,Vespertilionidae,Pipistrellus,28.0,1.0,2374608.18,7.34,-5.08,1.13,33.68,4.26,18.97,0.0,39.52,1.0,0.12,149.48,241.08,1403.0,1567.29,100.0,0.0,0.0,0.0,0.0,0.0,0.0,0.0,ABC,A,A,1.0,0.0,2.5,1.0
Pipistrellus nathusii,144,32,0.2222222222222222,Vespertilionidae,Pipistrellus,34.03,1.0,5149391.84,59.21,36.38,47.8,50.37,-10.47,19.94,2.0,116.56,10.0,0.00963,55.32,75.68,472.93,577.74,100.0,0.0,0.0,0.0,0.0,0.0,0.0,0.0,ABC,A,A,1.0,0.0,7.31,1.0
Pipistrellus pipistrellus,533,30,0.05628517823639775,Vespertilionidae,Pipistrellus,31.46,1.0,9195388.69,61.5,25.38,43.44,97.96,-10.47,43.74,0.0,101.08,5.0,0.03,48.0,81.94,424.73,709.6,100.0,0.0,0.0,0.0,0.0,0.0,0.0,0.0,ABC,A,A,1.0,0.0,5.69,1.0
Pipistrellus pygmaeus,225,12,0.05333333333333334,Vespertilionidae,Pipistrellus,32.0,1.0,5966364.24,61.5,36.01,48.75,48.18,-10.47,18.85,1.0,115.65,8.0,0.00713,55.54,76.75,460.98,577.11,100.0,0.0,0.0,0.0,0.0,0.0,0.0,0.0,D1,A,A,1.0,0.0,5.28,0.0
Pipistrellus tenuis,15,0,0.0,Vespertilionidae,Pipistrellus,29.93,1.0,7367449.16,36.25,-10.57,12.84,130.87,66.76,98.82,1.0,243.64,12.0,0.1,130.16,228.99,965.15,1461.98,100.0,0.0,0.0,0.0,0.0,0.0,0.0,0.0,ABC,A,A,1.0,0.0,4.7,1.0
Platyrrhinus brachycephalus,1,0,0.0,Phyllostomidae,Platyrrhinus,38.99,1.0,6905773.42,10.74,-17.3,-3.27,-50.86,-79.7,-65.28,0.0,9.24,0.0,0.13,168.21,235.33,1378.06,1563.45,10.0,0.0,0.0,0.0,90.0,0.0,0.0,0.0,ABC,Ar,A,1.0,0.0,14.1,1.0
Platyrrhinus helleri,17,0,0.0,Phyllostomidae,Platyrrhinus,38.09,1.0,10885924.75,18.91,-23.56,-2.32,-44.34,-98.78,-71.56,0.0,17.67,0.0,0.12,158.94,236.48,1334.56,1558.22,10.0,0.0,0.0,0.0,90.0,0.0,0.0,0.0,ABC,Ar,A,1.0,0.0,13.5,1.0
Platyrrhinus infuscus,2,0,0.0,Phyllostomidae,Platyrrhinus,56.49,1.0,2812367.88,6.59,-19.02,-6.21,-61.85,-80.65,-71.25,0.0,19.74,0.0,0.11,162.29,215.49,1301.09,1485.61,10.0,0.0,0.0,0.0,90.0,0.0,0.0,0.0,ABC,Ar,A,1.0,0.0,50.2,1.0
Platyrrhinus lineatus,15,1,0.06666666666666668,Phyllostomidae,Platyrrhinus,46.59,1.0,6717965.67,11.63,-33.06,-10.71,-34.79,-79.74,-57.27,0.0,38.44,1.0,0.09,118.26,211.12,1128.68,1399.18,10.0,0.0,0.0,0.0,90.0,0.0,0.0,0.0,ABC,Ar,A,1.0,0.0,24.36,1.0
Plecotus auritus,128,1,0.0078125,Vespertilionidae,Plecotus,37.72,1.0,12452922.57,65.26,24.04,44.65,145.82,-10.47,67.67,0.0,110.06,1.0,0.02,50.42,46.77,449.95,625.22,100.0,0.0,0.0,0.0,0.0,0.0,0.0,0.0,ABC,S,A,1.0,0.0,7.83,1.0
Plecotus austriacus,31,0,0.0,Vespertilionidae,Plecotus,39.7,1.0,8090041.6,55.38,10.06,32.72,119.32,-17.53,50.89,0.0,102.06,1.0,0.05,41.55,103.59,396.55,888.68,100.0,0.0,0.0,0.0,0.0,0.0,0.0,0.0,ABC,S,A,1.0,0.0,7.3,1.0
Ptenochirus jagori,83,27,0.3253012048192771,Pteropodidae,Ptenochirus,84.34,1.0,248720.14,19.0,5.01,12.0,126.6,119.73,123.16,19.0,235.4,32.0,0.09,199.19,241.88,1471.18,1731.81,0.0,0.0,0.0,0.0,100.0,0.0,0.0,0.0,ABC,Ar,A,1.0,0.0,77.25,1.0
Pteronotus davyi,6,1,0.16666666666666666,Mormoopidae,Pteronotus,45.1,1.0,2748221.32,29.71,-8.17,10.77,-60.37,-112.09,-86.23,0.0,63.21,2.0,0.12,126.19,224.94,1175.64,1553.86,100.0,0.0,0.0,0.0,0.0,0.0,0.0,0.0,ABC,A,A,1.0,0.0,9.21,1.0
Pteronotus parnellii,356,11,0.03089887640449438,Mormoopidae,Pteronotus,60.09,1.0,8414216.78,29.31,-16.49,6.41,-34.79,-111.54,-73.16,0.0,32.23,0.0,0.12,152.61,240.05,1282.68,1552.85,100.0,0.0,0.0,0.0,0.0,0.0,0.0,0.0,ABC,A,A,1.0,0.0,19.67,1.0
Pteronotus personatus,4,0,0.0,Mormoopidae,Pteronotus,44.49,1.0,4866973.12,27.64,-16.35,5.64,-34.79,-110.42,-72.6,0.0,40.21,1.0,0.12,139.39,237.93,1225.62,1550.05,100.0,0.0,0.0,0.0,0.0,0.0,0.0,0.0,ABC,A,A,1.0,0.0,8.71,1.0
Pteropus giganteus,508,21,0.041338582677165364,Pteropodidae,Pteropus,177.97,1.0,3550847.86,34.03,1.88,17.95,96.91,66.78,81.85,0.0,331.94,34.0,0.09,105.0,243.34,783.94,1421.5,0.0,0.0,0.0,0.0,100.0,0.0,0.0,0.0,ABC,Ar,A,1.0,0.0,804.17,1.0
Pteropus lylei,367,68,0.18528610354223432,Pteropodidae,Pteropus,151.74,1.0,111952.43,15.05,6.58,10.82,108.48,98.87,103.67,3.0,148.94,8.0,0.08,167.45,259.48,1255.59,1749.45,0.0,0.0,0.0,0.0,100.0,0.0,0.0,0.0,ABC,Ar,A,1.0,0.0,316.67,1.0
Rhinolophus affinis,771,29,0.03761348897535668,Rhinolophidae,Rhinolophus,52.17,1.0,5563218.26,33.18,-10.32,11.43,123.16,77.55,100.35,1.0,211.49,8.0,0.08,150.25,191.86,1133.43,1336.57,100.0,0.0,0.0,0.0,0.0,0.0,0.0,0.0,ABC,A,B,1.0,0.0,13.63,1.0
Rhinolophus alcyone,8,0,0.0,Rhinolophidae,Rhinolophus,51.5,1.0,2901061.64,10.59,-5.06,2.76,31.93,-14.49,8.71,0.0,51.66,1.0,0.12,153.64,244.74,1361.21,1561.65,100.0,0.0,0.0,0.0,0.0,0.0,0.0,0.0,ABC,A,B,1.0,0.0,18.75,1.0
Rhinolophus capensis,1,0,0.0,Rhinolophidae,Rhinolophus,49.5,1.0,213936.79,-28.03,-34.83,-31.43,28.86,16.45,22.66,0.0,46.67,1.0,0.09,29.75,159.55,445.36,1108.92,100.0,0.0,0.0,0.0,0.0,0.0,0.0,0.0,ABC,A,B,1.0,0.0,12.8,1.0
Rhinolophus clivosus,2,0,0.0,Rhinolophidae,Rhinolophus,47.5,1.0,15704451.72,37.34,-34.83,1.25,51.41,-4.17,23.62,0.0,32.02,0.0,0.13,54.43,218.35,616.52,1425.1,100.0,0.0,0.0,0.0,0.0,0.0,0.0,0.0,ABC,A,B,1.0,0.0,15.66,1.0
Rhinolophus darlingi,3,0,0.0,Rhinolophidae,Rhinolophus,47.5,1.0,6947234.73,10.84,-34.08,-11.62,40.84,7.23,24.03,0.0,24.2,0.0,0.16,67.52,209.29,750.88,1421.61,100.0,0.0,0.0,0.0,0.0,0.0,0.0,0.0,ABC,A,B,1.0,0.0,9.45,1.0
Rhinolophus denti,5,0,0.0,Rhinolophidae,Rhinolophus,40.0,1.0,1723915.59,11.51,-30.47,-9.47,33.91,-12.91,10.5,0.0,10.71,0.0,0.11,53.11,212.22,570.34,1407.44,100.0,0.0,0.0,0.0,0.0,0.0,0.0,0.0,ABC,A,B,1.0,0.0,6.15,1.0
Rhinolophus euryale,19,1,0.05263157894736842,Rhinolophidae,Rhinolophus,47.5,1.0,2321112.24,47.59,27.2,37.39,61.0,-9.4,25.79,2.0,111.76,11.0,0.02,57.64,109.11,493.24,886.49,100.0,0.0,0.0,0.0,0.0,0.0,0.0,0.0,ABC,A,B,1.0,0.0,8.15,1.0
Rhinolophus ferrumequinum,2168,247,0.11392988929889301,Rhinolophidae,Rhinolophus,63.68,1.0,6797743.37,53.47,23.49,38.48,142.07,-9.49,66.28,0.0,161.37,6.0,0.07,59.9,108.69,510.66,954.79,100.0,0.0,0.0,0.0,0.0,0.0,0.0,0.0,ABC,A,B,1.0,0.0,21.06,1.0
Rhinolophus hildebrandtii,4,0,0.0,Rhinolophidae,Rhinolophus,64.35,1.0,4302227.38,7.22,-25.92,-9.34,42.95,24.04,33.49,0.0,40.66,2.0,0.15,76.19,222.01,889.15,1504.27,100.0,0.0,0.0,0.0,0.0,0.0,0.0,0.0,ABC,A,B,1.0,0.0,25.99,1.0
Rhinolophus hipposideros,180,18,0.1,Rhinolophidae,Rhinolophus,37.49,1.0,4202573.83,53.21,10.16,31.68,79.43,-10.47,34.47,0.0,107.18,10.0,0.04,51.75,96.32,466.96,859.98,100.0,0.0,0.0,0.0,0.0,0.0,0.0,0.0,ABC,A,B,1.0,0.0,4.71,1.0
Rhinolophus landeri,23,0,0.0,Rhinolophidae,Rhinolophus,41.99,1.0,12933273.28,17.87,-30.41,-6.27,43.22,-16.82,13.2,0.0,38.56,1.0,0.14,105.04,239.5,1025.12,1544.59,100.0,0.0,0.0,0.0,0.0,0.0,0.0,0.0,ABC,A,B,1.0,0.0,8.86,1.0
Rhinolophus lepidus,78,0,0.0,Rhinolophidae,Rhinolophus,40.0,1.0,3486146.34,36.63,-0.44,18.09,102.93,64.84,83.88,1.0,284.24,14.0,0.1,104.9,216.1,826.49,1384.63,100.0,0.0,0.0,0.0,0.0,0.0,0.0,0.0,ABC,A,B,1.0,0.0,5.7,1.0
Rhinolophus luctus,20,0,0.0,Rhinolophidae,Rhinolophus,67.5,1.0,6885843.77,32.03,-8.84,11.59,120.11,73.63,96.87,1.0,236.75,8.0,0.09,149.0,215.07,1092.37,1422.49,100.0,0.0,0.0,0.0,0.0,0.0,0.0,0.0,ABC,A,B,1.0,0.0,33.45,1.0
Rhinolophus macrotis,151,3,0.019867549668874173,Rhinolophidae,Rhinolophus,41.99,1.0,1278790.8,34.77,7.8,21.28,125.2,72.85,99.02,0.0,172.03,4.0,0.08,131.15,129.96,987.58,1137.55,100.0,0.0,0.0,0.0,0.0,0.0,0.0,0.0,ABC,A,B,1.0,0.0,6.15,1.0
Rhinolophus malayanus,15,0,0.0,Rhinolophidae,Rhinolophus,41.49,1.0,974834.21,22.25,1.26,11.75,107.06,97.36,102.21,3.0,132.0,10.0,0.09,155.86,238.68,1187.06,1555.76,100.0,0.0,0.0,0.0,0.0,0.0,0.0,0.0,ABC,A,B,1.0,0.0,6.7,1.0
Rhinolophus mehelyi,1,0,0.0,Rhinolophidae,Rhinolophus,48.5,1.0,2078525.97,47.89,28.21,38.05,52.72,-9.49,21.61,1.0,133.41,10.0,0.04,47.24,123.7,451.06,961.77,100.0,0.0,0.0,0.0,0.0,0.0,0.0,0.0,ABC,A,B,1.0,0.0,12.33,1.0
Rhinolophus monoceros,203,56,0.27586206896551724,Rhinolophidae,Rhinolophus,36.5,1.0,22395.6,25.19,21.99,23.59,121.74,120.44,121.09,70.0,698.42,70.0,0.03,160.5,165.8,1074.48,1490.58,100.0,0.0,0.0,0.0,0.0,0.0,0.0,0.0,ABC,A,B,1.0,0.0,10.62,0.0
Rhinolophus osgoodi,2,0,0.0,Rhinolophidae,Rhinolophus,43.5,1.0,1032184.17,31.4,23.88,27.64,119.29,99.71,109.5,9.0,223.68,66.0,0.06,117.52,145.58,987.38,1057.69,100.0,0.0,0.0,0.0,0.0,0.0,0.0,0.0,ABC,A,B,1.0,0.0,10.62,0.0
Rhinolophus pearsonii,247,7,0.02834008097165992,Rhinolophidae,Rhinolophus,52.0,1.0,3427752.3,34.04,12.12,23.08,120.39,77.69,99.04,1.0,213.76,5.0,0.07,132.63,162.99,1013.68,1220.18,100.0,0.0,0.0,0.0,0.0,0.0,0.0,0.0,ABC,A,B,1.0,0.0,11.55,1.0
Rhinolophus pusillus,1297,43,0.03315343099460293,Rhinolophidae,Rhinolophus,37.59,1.0,459599.24,30.75,9.95,20.35,119.25,76.23,97.74,1.0,284.98,11.0,0.08,101.35,198.87,924.58,1349.44,100.0,0.0,0.0,0.0,0.0,0.0,0.0,0.0,ABC,A,B,1.0,0.0,5.15,1.0
Rhinolophus rex,49,1,0.020408163265306117,Rhinolophidae,Rhinolophus,60.99,1.0,323465.19,31.07,24.5,27.79,110.2,102.21,106.2,56.0,208.68,88.0,0.06,108.96,144.47,989.59,1042.26,100.0,0.0,0.0,0.0,0.0,0.0,0.0,0.0,ABC,A,B,1.0,0.0,10.4,2.0
Rhinolophus rouxii,48,0,0.0,Rhinolophidae,Rhinolophus,48.99,1.0,599516.17,22.36,6.37,14.36,96.66,72.73,84.69,22.0,372.79,70.0,0.07,117.75,258.78,925.29,1598.72,100.0,0.0,0.0,0.0,0.0,0.0,0.0,0.0,ABC,A,B,1.0,0.0,12.25,1.0
Rhinolophus rufus,2,1,0.5,Rhinolophidae,Rhinolophus,47.5,1.0,224259.96,18.65,5.55,12.1,126.6,119.74,123.17,19.0,228.54,32.0,0.1,204.58,240.16,1470.06,1728.0,100.0,0.0,0.0,0.0,0.0,0.0,0.0,0.0,ABC,A,B,1.0,0.0,30.0,1.0
Rhinolophus shameli,20,2,0.1,Rhinolophidae,Rhinolophus,44.49,1.0,662383.5,23.45,11.94,17.69,107.53,95.89,101.71,5.0,69.8,9.0,0.08,141.34,239.25,1109.91,1564.68,100.0,0.0,0.0,0.0,0.0,0.0,0.0,0.0,ABC,A,B,1.0,0.0,9.61,1.0
Rhinolophus sinicus,5931,503,0.08480863260832912,Rhinolophidae,Rhinolophus,47.5,1.0,2366278.14,33.93,18.94,26.44,120.49,76.92,98.7,1.0,273.96,9.0,0.07,127.05,150.11,990.55,1121.64,80.0,0.0,0.0,0.0,0.0,0.0,10.0,10.0,D1,A,B,1.0,0.0,10.62,0.0
Rhinolophus thomasi,13,1,0.07692307692307693,Rhinolophidae,Rhinolophus,48.5,1.0,571234.4,22.61,5.93,14.27,106.4,97.06,101.73,5.0,102.53,9.0,0.09,139.07,228.32,1095.3,1478.89,100.0,0.0,0.0,0.0,0.0,0.0,0.0,0.0,ABC,A,B,1.0,0.0,8.3,1.0
Rhinophylla pumilio,4,0,0.0,Phyllostomidae,Rhinophylla,33.5,1.0,8340002.26,10.22,-19.43,-4.6,-34.79,-79.28,-57.03,0.0,12.53,0.0,0.12,163.68,244.76,1344.87,1566.64,10.0,0.0,0.0,0.0,90.0,0.0,0.0,0.0,ABC,Ar,A,1.0,0.0,9.55,1.0
Rhinopoma hardwickii,299,93,0.3110367892976589,Rhinopomatidae,Rhinopoma,59.5,1.0,16925604.79,36.49,0.69,18.59,99.73,-12.83,43.44,0.0,82.34,0.0,0.1,31.77,241.26,327.0,1374.32,100.0,0.0,0.0,0.0,0.0,0.0,0.0,0.0,ABC,A,A,1.0,0.0,13.1,1.0
Rhinopoma microphyllum,2,0,0.0,Rhinopomatidae,Rhinopoma,68.08,1.0,14416988.96,35.4,2.28,18.84,99.56,-17.53,41.01,0.0,66.65,0.0,0.1,26.62,247.61,292.65,1367.99,100.0,0.0,0.0,0.0,0.0,0.0,0.0,0.0,ABC,A,A,1.0,0.0,27.87,1.0
Rhogeessa tumida,3,0,0.0,Vespertilionidae,Rhogeessa,29.49,1.0,781796.28,24.58,9.59,17.09,-83.13,-99.74,-91.43,0.0,59.62,4.0,0.15,135.91,234.63,1254.14,1602.87,100.0,0.0,0.0,0.0,0.0,0.0,0.0,0.0,ABC,A,A,1.0,0.0,4.58,1.0
Rhynchonycteris naso,2,0,0.0,Emballonuridae,Rhynchonycteris,38.11,1.0,11358190.42,19.72,-22.78,-1.53,-34.79,-96.9,-65.84,0.0,21.94,0.0,0.12,157.52,244.17,1318.79,1563.25,100.0,0.0,0.0,0.0,0.0,0.0,0.0,0.0,ABC,A,A,1.0,0.0,3.83,1.0
Rousettus aegyptiacus,223,13,0.05829596412556054,Pteropodidae,Rousettus,93.2,1.0,6076089.81,37.36,-34.83,1.26,66.84,-17.53,24.65,0.0,75.36,1.0,0.13,85.78,226.26,828.48,1461.38,0.0,0.0,0.0,0.0,60.0,40.0,0.0,0.0,ABC,Ar,A,1.0,0.0,132.24,1.0
Rousettus amplexicaudatus,10,2,0.2,Pteropodidae,Rousettus,76.88,1.0,2568005.12,19.57,-10.94,4.31,162.39,95.18,128.79,0.0,122.06,4.0,0.12,228.98,242.36,1589.95,1732.99,0.0,0.0,0.0,0.0,60.0,40.0,0.0,0.0,ABC,Ar,A,1.0,0.0,82.47,1.0
Rousettus leschenaultii,1425,70,0.04912280701754386,Pteropodidae,Rousettus,82.25,1.0,5152928.23,35.35,-8.96,13.19,117.84,67.64,92.74,1.0,287.15,10.0,0.09,127.94,230.14,946.42,1436.72,0.0,0.0,0.0,0.0,60.0,40.0,0.0,0.0,ABC,Ar,A,1.0,0.0,84.88,1.0
Saccopteryx bilineata,115,0,0.0,Emballonuridae,Saccopteryx,45.99,1.0,12018838.16,23.55,-22.53,0.5,-34.79,-105.7,-70.24,0.0,26.37,0.0,0.11,153.44,241.8,1296.3,1557.92,100.0,0.0,0.0,0.0,0.0,0.0,0.0,0.0,ABC,A,A,1.0,1.0,7.8,1.0
Saccopteryx leptura,1,0,0.0,Emballonuridae,Saccopteryx,38.0,1.0,10599499.36,16.5,-20.1,-1.79,-34.79,-93.84,-64.31,0.0,20.97,0.0,0.12,160.77,245.27,1328.5,1572.3,100.0,0.0,0.0,0.0,0.0,0.0,0.0,0.0,ABC,A,A,1.0,1.0,4.72,1.0
Scotomanes ornatus,4,0,0.0,Vespertilionidae,Scotomanes,56.24,1.0,1811538.78,29.02,19.54,24.28,118.11,86.85,102.48,1.0,191.98,6.0,0.07,139.1,161.41,1051.01,1208.67,100.0,0.0,0.0,0.0,0.0,0.0,0.0,0.0,ABC,A,A,1.0,0.0,21.8,1.0
Scotophilus heathii,8,3,0.375,Vespertilionidae,Scotophilus,61.5,1.0,5702540.76,35.57,6.05,20.81,112.07,66.15,89.11,0.0,253.43,9.0,0.09,112.43,222.49,846.85,1407.11,100.0,0.0,0.0,0.0,0.0,0.0,0.0,0.0,ABC,A,A,1.0,0.0,36.13,1.0
Scotophilus kuhlii,189,51,0.2698412698412698,Vespertilionidae,Scotophilus,51.4,1.0,5078174.595,12.594999999999999,-23.285,-7.835,51.41,-12.07,17.11,0.0,38.519999999999996,1.0,0.12,110.58500000000001,234.55,1062.18,1546.63,100.0,0.0,0.0,0.0,0.0,0.0,0.0,0.0,ABC,A,A,1.0,0.0,20.73,1.0
Scotophilus leucogaster,5,0,0.0,Vespertilionidae,Scotophilus,51.0,1.0,19600115.28,18.58,-34.83,-8.12,51.41,-17.53,16.93,0.0,32.3,1.0,0.12,82.81,235.59,849.51,1523.0,100.0,0.0,0.0,0.0,0.0,0.0,0.0,0.0,ABC,A,A,1.0,0.0,20.23,1.0
Scotorepens balstoni,2,0,0.0,Vespertilionidae,Scotorepens,35.49,1.0,4828168.66,-17.37,-38.43,-27.9,149.87,113.14,131.51,0.0,0.66,0.0,0.00331,26.39,206.5,345.67,1279.29,100.0,0.0,0.0,0.0,0.0,0.0,0.0,0.0,ABC,A,A,1.0,0.0,11.92,1.0
Sturnira lilium,66,3,0.045454545454545456,Phyllostomidae,Sturnira,40.5,1.0,15518876.5,29.98,-34.94,-2.47,-34.79,-110.64,-72.71,0.0,28.95,0.0,0.11,142.56,232.46,1248.36,1501.14,0.0,0.0,0.0,0.0,100.0,0.0,0.0,0.0,ABC,Ar,A,1.0,0.0,19.1,1.0
Sturnira ludovici,24,0,0.0,Phyllostomidae,Sturnira,43.5,1.0,2756672.83,24.62,-4.34,10.13,-57.04,-106.62,-81.83,0.0,60.71,1.0,0.12,132.38,230.47,1271.5,1616.46,0.0,0.0,0.0,0.0,100.0,0.0,0.0,0.0,ABC,Ar,A,1.0,0.0,21.02,1.0
Sturnira magna,3,0,0.0,Phyllostomidae,Sturnira,57.5,1.0,1663098.75,1.82,-18.79,-8.48,-65.01,-79.74,-72.37,0.0,19.15,0.0,0.11,159.27,192.95,1176.97,1421.23,0.0,0.0,0.0,0.0,100.0,0.0,0.0,0.0,ABC,Ar,A,1.0,0.0,21.66,2.0
Tadarida aegyptiaca,7,0,0.0,Molossidae,Tadarida,49.99,1.0,12943262.93,37.09,-34.83,1.12,88.34,-8.11,40.11,0.0,81.44,0.0,0.11,54.06,223.3,606.46,1446.1,100.0,0.0,0.0,0.0,0.0,0.0,0.0,0.0,ABC,A,A,1.0,0.0,16.78,1.0
Tadarida australis,11,1,0.09090909090909093,Molossidae,Tadarida,45.11,1.0,5602874.26,-19.11,-39.13,-29.12,153.63,113.14,133.39,0.0,3.78,0.0,0.03,29.51,196.9,362.06,1240.56,100.0,0.0,0.0,0.0,0.0,0.0,0.0,0.0,ABC,A,A,1.0,0.0,31.8,1.0
Tadarida brasiliensis,12,3,0.25,Molossidae,Tadarida,42.26,1.0,13978029.11,44.2,-41.72,1.23,-37.67,-124.55,-81.11,0.0,45.59,0.0,0.08,81.68,169.87,834.71,1242.13,100.0,0.0,0.0,0.0,0.0,0.0,0.0,0.0,ABC,A,A,1.0,0.0,12.49,1.0
Tadarida teniotis,11,1,0.09090909090909093,Molossidae,Tadarida,59.99,1.0,4732754.69,48.73,22.08,35.4,104.53,-18.16,43.18,0.0,86.8,4.0,0.08,52.12,116.05,450.08,1006.99,100.0,0.0,0.0,0.0,0.0,0.0,0.0,0.0,ABC,A,A,1.0,0.0,27.04,1.0
Taphozous longimanus,12,0,0.0,Emballonuridae,Taphozous,58.49,1.0,4343701.3,28.26,-8.96,9.65,123.01,72.61,97.81,1.0,217.19,8.0,0.1,158.24,249.1,1137.84,1570.56,100.0,0.0,0.0,0.0,0.0,0.0,0.0,0.0,ABC,A,A,1.0,1.0,26.92,1.0
Taphozous melanopogon,189,2,0.01058201058201058,Emballonuridae,Taphozous,63.72,1.0,7234034.08,31.28,-10.37,10.45,128.9,68.93,98.92,1.0,222.74,9.0,0.1,153.56,236.93,1098.79,1509.4,100.0,0.0,0.0,0.0,0.0,0.0,0.0,0.0,ABC,A,A,1.0,1.0,25.94,1.0
Taphozous perforatus,339,3,0.008849557522123894,Emballonuridae,Taphozous,62.0,1.0,9616598.6,31.58,-22.42,4.57,80.5,-17.53,31.48,0.0,63.6,0.0,0.11,78.19,241.93,801.94,1539.56,100.0,0.0,0.0,0.0,0.0,0.0,0.0,0.0,ABC,A,A,1.0,1.0,27.33,1.0
Trachops cirrhosus,16,0,0.0,Phyllostomidae,Trachops,58.45,1.0,12679671.21,18.6,-29.6,-5.5,-34.79,-96.36,-65.57,0.0,27.05,0.0,0.12,154.52,239.27,1306.41,1545.21,50.0,0.0,40.0,0.0,10.0,0.0,0.0,0.0,ABC,G,A,1.0,0.0,37.67,1.0
Tylonycteris pachypus,598,98,0.16387959866220736,Vespertilionidae,Tylonycteris,26.24,1.0,4251795.63,28.55,-8.96,9.79,128.34,74.1,101.22,1.0,154.95,5.0,0.11,184.32,229.24,1277.53,1550.05,100.0,0.0,0.0,0.0,0.0,0.0,0.0,0.0,ABC,A,A,1.0,0.0,3.58,1.0
Tylonycteris robustula,125,1,0.008,Vespertilionidae,Tylonycteris,27.99,1.0,2491915.89,26.43,-10.14,8.14,126.29,92.83,109.56,1.0,146.0,9.0,0.09,183.3,231.27,1283.27,1577.24,100.0,0.0,0.0,0.0,0.0,0.0,0.0,0.0,ABC,A,A,1.0,0.0,7.62,1.0
Uroderma bilobatum,37,0,0.0,Phyllostomidae,Uroderma,42.03,1.0,12877448.68,19.15,-25.48,-3.16,-34.79,-95.39,-65.09,0.0,27.68,0.0,0.12,152.59,237.52,1293.07,1542.99,10.0,0.0,0.0,0.0,80.0,10.0,0.0,0.0,ABC,Ar,A,1.0,0.0,16.69,1.0
Vampyressa bidens,1,0,0.0,Phyllostomidae,Vampyressa,35.57,1.0,6977521.45,9.53,-17.12,-3.79,-46.74,-79.62,-63.18,0.0,8.47,0.0,0.13,173.85,239.75,1412.81,1576.53,0.0,0.0,0.0,0.0,100.0,0.0,0.0,0.0,ABC,Ar,A,1.0,0.0,11.6,1.0
Vampyressa pusilla,1,0,0.0,Phyllostomidae,Vampyressa,30.5,1.0,667242.7,8.295,-5.385,0.51,-52.864999999999995,-78.03,-63.614999999999995,0.0,5.215,0.0,0.10500000000000001,202.04,253.79500000000002,1466.885,1612.7150000000001,0.0,0.0,0.0,0.0,100.0,0.0,0.0,0.0,ABC,Ar,A,1.0,0.0,8.63,1.0
Vampyressa thyone,1,0,0.0,Phyllostomidae,Vampyressa,31.5,1.0,667242.7,8.295,-5.385,0.51,-52.864999999999995,-78.03,-63.614999999999995,0.0,5.215,0.0,0.10500000000000001,202.04,253.79500000000002,1466.885,1612.7150000000001,0.0,0.0,0.0,0.0,100.0,0.0,0.0,0.0,D1,Ar,A,1.0,0.0,7.17,1.0
Vampyrodes caraccioli,9,0,0.0,Phyllostomidae,Vampyrodes,52.05,1.0,8377468.83,18.42,-17.84,0.28,-46.7,-96.92,-71.81,0.0,15.57,0.0,0.13,172.08,241.37,1403.61,1586.43,0.0,0.0,0.0,0.0,100.0,0.0,0.0,0.0,ABC,Ar,A,1.0,0.0,34.7,1.0
Vespadelus baverstocki,1,0,0.0,Vespertilionidae,Vespadelus,30.08,1.0,1863120.68,-23.39,-35.1,-29.24,147.1,121.11,134.11,0.0,0.1,0.0,0.01,19.28,197.5,253.46,1232.17,100.0,0.0,0.0,0.0,0.0,0.0,0.0,0.0,ABC,A,A,1.0,0.0,4.8,1.0
Vespadelus regulus,150,9,0.06,Vespertilionidae,Vespadelus,30.09,1.0,1078384.63,-27.16,-43.64,-35.4,153.63,114.97,134.3,0.0,16.5,0.0,0.04,47.48,151.07,474.32,1049.18,100.0,0.0,0.0,0.0,0.0,0.0,0.0,0.0,ABC,A,A,1.0,0.0,5.05,1.0
Vespertilio murinus,8,0,0.0,Vespertilionidae,Vespertilio,44.84,1.0,11582955.4,61.2,34.29,47.75,137.64,4.94,71.29,0.0,45.97,1.0,0.02,34.99,40.46,367.71,588.14,100.0,0.0,0.0,0.0,0.0,0.0,0.0,0.0,ABC,A,A,1.0,0.0,18.7,1.0
Vespertilio sinensis,276,44,0.15942028985507245,Vespertilionidae,Vespertilio,48.5,1.0,738710.66,49.95,21.9,35.92,142.07,108.26,125.16,1.0,309.79,1.0,0.02,74.05,72.35,660.06,752.01,100.0,0.0,0.0,0.0,0.0,0.0,0.0,0.0,ABC,A,A,1.0,0.0,24.3,1.0
